-- MySQL dump 10.13  Distrib 8.0.43, for Win64 (x86_64)
--
-- Host: localhost    Database: order_db
-- ------------------------------------------------------
-- Server version	8.0.43

/*!40101 SET @OLD_CHARACTER_SET_CLIENT=@@CHARACTER_SET_CLIENT */;
/*!40101 SET @OLD_CHARACTER_SET_RESULTS=@@CHARACTER_SET_RESULTS */;
/*!40101 SET @OLD_COLLATION_CONNECTION=@@COLLATION_CONNECTION */;
/*!50503 SET NAMES utf8 */;
/*!40103 SET @OLD_TIME_ZONE=@@TIME_ZONE */;
/*!40103 SET TIME_ZONE='+00:00' */;
/*!40014 SET @OLD_UNIQUE_CHECKS=@@UNIQUE_CHECKS, UNIQUE_CHECKS=0 */;
/*!40014 SET @OLD_FOREIGN_KEY_CHECKS=@@FOREIGN_KEY_CHECKS, FOREIGN_KEY_CHECKS=0 */;
/*!40101 SET @OLD_SQL_MODE=@@SQL_MODE, SQL_MODE='NO_AUTO_VALUE_ON_ZERO' */;
/*!40111 SET @OLD_SQL_NOTES=@@SQL_NOTES, SQL_NOTES=0 */;

--
-- Table structure for table `eci_order_items`
--

DROP TABLE IF EXISTS `eci_order_items`;
/*!40101 SET @saved_cs_client     = @@character_set_client */;
/*!50503 SET character_set_client = utf8mb4 */;
CREATE TABLE `eci_order_items` (
  `order_item_id` int NOT NULL AUTO_INCREMENT,
  `order_id` int DEFAULT NULL,
  `product_id` int DEFAULT NULL,
  `sku` text,
  `quantity` int DEFAULT NULL,
  `unit_price` decimal(10,2) NOT NULL,
  `line_status` enum('PENDING','SHIPPED','CANCELLED') NOT NULL DEFAULT 'PENDING' COMMENT 'Simplified status for line item tracking',
  `product_name` varchar(255) DEFAULT NULL COMMENT 'Replicated from Catalog Service',
  `tax_rate` decimal(5,4) NOT NULL DEFAULT '0.0500' COMMENT 'Tax rate applied at time of order creation',
  PRIMARY KEY (`order_item_id`),
  KEY `eci_order_items_order_id_fkey` (`order_id`),
  CONSTRAINT `eci_order_items_order_id_fkey` FOREIGN KEY (`order_id`) REFERENCES `eci_orders` (`order_id`)
) ENGINE=InnoDB AUTO_INCREMENT=803 DEFAULT CHARSET=utf8mb4 COLLATE=utf8mb4_0900_ai_ci;
/*!40101 SET character_set_client = @saved_cs_client */;

--
-- Dumping data for table `eci_order_items`
--

LOCK TABLES `eci_order_items` WRITE;
/*!40000 ALTER TABLE `eci_order_items` DISABLE KEYS */;
INSERT INTO `eci_order_items` VALUES (1,266,105,'SKU0095',3,385.72,'PENDING',NULL,0.0500),(2,88,74,'SKU0056',1,600.17,'PENDING',NULL,0.0500),(3,201,25,'SKU0079',3,453.99,'PENDING',NULL,0.0500),(4,27,103,'SKU0120',3,486.19,'PENDING',NULL,0.0500),(5,326,50,'SKU0094',1,462.81,'PENDING',NULL,0.0500),(6,163,67,'SKU0021',2,307.87,'PENDING',NULL,0.0500),(7,364,103,'SKU0017',3,206.54,'PENDING',NULL,0.0500),(8,296,101,'SKU0051',3,925.00,'PENDING',NULL,0.0500),(9,284,21,'SKU0042',1,183.93,'PENDING',NULL,0.0500),(10,14,56,'SKU0002',3,793.03,'PENDING',NULL,0.0500),(11,79,4,'SKU0080',3,589.31,'PENDING',NULL,0.0500),(12,41,74,'SKU0049',1,768.11,'PENDING',NULL,0.0500),(13,67,59,'SKU0082',3,799.83,'PENDING',NULL,0.0500),(14,96,31,'SKU0084',1,367.23,'PENDING',NULL,0.0500),(15,275,108,'SKU0032',3,802.03,'PENDING',NULL,0.0500),(16,194,99,'SKU0034',3,146.57,'PENDING',NULL,0.0500),(17,43,120,'SKU0019',3,120.83,'PENDING',NULL,0.0500),(18,297,111,'SKU0014',1,513.21,'PENDING',NULL,0.0500),(19,306,16,'SKU0014',1,354.22,'PENDING',NULL,0.0500),(20,93,12,'SKU0010',2,860.16,'PENDING',NULL,0.0500),(21,107,51,'SKU0013',2,815.90,'PENDING',NULL,0.0500),(22,212,10,'SKU0063',3,168.68,'PENDING',NULL,0.0500),(23,352,54,'SKU0049',2,670.20,'PENDING',NULL,0.0500),(24,231,104,'SKU0021',1,368.88,'PENDING',NULL,0.0500),(25,92,85,'SKU0073',3,645.99,'PENDING',NULL,0.0500),(26,17,16,'SKU0044',2,535.52,'PENDING',NULL,0.0500),(27,315,77,'SKU0070',1,242.55,'PENDING',NULL,0.0500),(28,380,33,'SKU0119',1,273.56,'PENDING',NULL,0.0500),(29,16,69,'SKU0003',3,560.57,'PENDING',NULL,0.0500),(30,79,28,'SKU0111',2,203.31,'PENDING',NULL,0.0500),(31,112,4,'SKU0042',1,297.79,'PENDING',NULL,0.0500),(32,373,89,'SKU0017',2,346.30,'PENDING',NULL,0.0500),(33,103,12,'SKU0045',3,596.35,'PENDING',NULL,0.0500),(34,151,60,'SKU0096',2,492.46,'PENDING',NULL,0.0500),(35,205,119,'SKU0025',2,255.66,'PENDING',NULL,0.0500),(36,352,109,'SKU0114',3,352.97,'PENDING',NULL,0.0500),(37,202,14,'SKU0075',3,380.43,'PENDING',NULL,0.0500),(38,106,93,'SKU0063',2,894.57,'PENDING',NULL,0.0500),(39,217,77,'SKU0096',2,834.30,'PENDING',NULL,0.0500),(40,319,14,'SKU0078',2,486.38,'PENDING',NULL,0.0500),(41,291,46,'SKU0048',3,837.41,'PENDING',NULL,0.0500),(42,231,22,'SKU0114',1,962.29,'PENDING',NULL,0.0500),(43,130,76,'SKU0053',2,643.49,'PENDING',NULL,0.0500),(44,331,68,'SKU0046',2,126.95,'PENDING',NULL,0.0500),(45,93,104,'SKU0042',2,811.81,'PENDING',NULL,0.0500),(46,184,32,'SKU0010',1,691.26,'PENDING',NULL,0.0500),(47,191,19,'SKU0100',2,210.07,'PENDING',NULL,0.0500),(48,164,89,'SKU0002',3,395.98,'PENDING',NULL,0.0500),(49,239,73,'SKU0102',2,908.87,'PENDING',NULL,0.0500),(50,288,9,'SKU0050',2,641.62,'PENDING',NULL,0.0500),(51,270,28,'SKU0014',3,350.24,'PENDING',NULL,0.0500),(52,312,114,'SKU0104',3,167.34,'PENDING',NULL,0.0500),(53,331,54,'SKU0088',2,386.00,'PENDING',NULL,0.0500),(54,164,26,'SKU0026',1,822.45,'PENDING',NULL,0.0500),(55,256,6,'SKU0036',2,207.33,'PENDING',NULL,0.0500),(56,232,22,'SKU0077',2,632.05,'PENDING',NULL,0.0500),(57,122,74,'SKU0003',2,116.05,'PENDING',NULL,0.0500),(58,295,1,'SKU0117',2,355.93,'PENDING',NULL,0.0500),(59,207,5,'SKU0115',3,926.23,'PENDING',NULL,0.0500),(60,21,44,'SKU0083',1,162.51,'PENDING',NULL,0.0500),(61,49,107,'SKU0103',2,750.93,'PENDING',NULL,0.0500),(62,141,41,'SKU0097',2,460.31,'PENDING',NULL,0.0500),(63,285,100,'SKU0041',2,651.09,'PENDING',NULL,0.0500),(64,202,39,'SKU0090',2,544.00,'PENDING',NULL,0.0500),(65,329,117,'SKU0016',2,943.93,'PENDING',NULL,0.0500),(66,53,4,'SKU0029',1,842.91,'PENDING',NULL,0.0500),(67,72,14,'SKU0042',3,751.83,'PENDING',NULL,0.0500),(68,116,22,'SKU0012',1,751.70,'PENDING',NULL,0.0500),(69,189,105,'SKU0116',3,990.61,'PENDING',NULL,0.0500),(70,353,112,'SKU0007',2,894.99,'PENDING',NULL,0.0500),(71,23,15,'SKU0007',2,167.54,'PENDING',NULL,0.0500),(72,169,89,'SKU0079',2,342.92,'PENDING',NULL,0.0500),(73,88,119,'SKU0018',3,514.62,'PENDING',NULL,0.0500),(74,65,41,'SKU0111',1,777.73,'PENDING',NULL,0.0500),(75,212,82,'SKU0058',3,210.14,'PENDING',NULL,0.0500),(76,271,31,'SKU0074',2,695.14,'PENDING',NULL,0.0500),(77,144,42,'SKU0099',3,534.44,'PENDING',NULL,0.0500),(78,48,34,'SKU0099',2,740.24,'PENDING',NULL,0.0500),(79,181,72,'SKU0107',1,693.53,'PENDING',NULL,0.0500),(80,377,110,'SKU0027',3,170.22,'PENDING',NULL,0.0500),(81,254,8,'SKU0028',1,703.45,'PENDING',NULL,0.0500),(82,240,105,'SKU0050',1,538.88,'PENDING',NULL,0.0500),(83,175,27,'SKU0105',3,785.44,'PENDING',NULL,0.0500),(84,264,110,'SKU0041',2,737.66,'PENDING',NULL,0.0500),(85,336,20,'SKU0109',3,195.09,'PENDING',NULL,0.0500),(86,67,29,'SKU0118',2,447.02,'PENDING',NULL,0.0500),(87,232,112,'SKU0080',3,282.72,'PENDING',NULL,0.0500),(88,205,25,'SKU0009',2,480.78,'PENDING',NULL,0.0500),(89,352,40,'SKU0112',3,683.54,'PENDING',NULL,0.0500),(90,76,60,'SKU0113',1,770.52,'PENDING',NULL,0.0500),(91,124,3,'SKU0115',2,268.33,'PENDING',NULL,0.0500),(92,15,61,'SKU0085',3,507.38,'PENDING',NULL,0.0500),(93,136,16,'SKU0119',3,175.66,'PENDING',NULL,0.0500),(94,221,28,'SKU0020',2,551.97,'PENDING',NULL,0.0500),(95,261,43,'SKU0007',2,345.33,'PENDING',NULL,0.0500),(96,51,7,'SKU0084',2,758.80,'PENDING',NULL,0.0500),(97,217,25,'SKU0038',1,462.42,'PENDING',NULL,0.0500),(98,305,36,'SKU0068',3,544.25,'PENDING',NULL,0.0500),(99,222,14,'SKU0088',1,681.71,'PENDING',NULL,0.0500),(100,57,29,'SKU0015',1,905.55,'PENDING',NULL,0.0500),(101,295,35,'SKU0031',1,578.92,'PENDING',NULL,0.0500),(102,142,29,'SKU0113',3,729.56,'PENDING',NULL,0.0500),(103,208,51,'SKU0051',1,297.90,'PENDING',NULL,0.0500),(104,355,35,'SKU0064',1,253.93,'PENDING',NULL,0.0500),(105,105,45,'SKU0082',2,735.27,'PENDING',NULL,0.0500),(106,148,94,'SKU0001',1,266.57,'PENDING',NULL,0.0500),(107,359,80,'SKU0062',3,374.79,'PENDING',NULL,0.0500),(108,353,31,'SKU0022',2,713.30,'PENDING',NULL,0.0500),(109,86,24,'SKU0043',2,227.65,'PENDING',NULL,0.0500),(110,7,86,'SKU0061',2,400.65,'PENDING',NULL,0.0500),(111,91,34,'SKU0113',1,253.65,'PENDING',NULL,0.0500),(112,390,110,'SKU0002',3,416.93,'PENDING',NULL,0.0500),(113,243,75,'SKU0001',2,885.90,'PENDING',NULL,0.0500),(114,242,15,'SKU0006',1,610.54,'PENDING',NULL,0.0500),(115,149,107,'SKU0030',3,552.83,'PENDING',NULL,0.0500),(116,387,19,'SKU0100',1,189.99,'PENDING',NULL,0.0500),(117,377,43,'SKU0058',2,761.33,'PENDING',NULL,0.0500),(118,280,33,'SKU0085',2,328.18,'PENDING',NULL,0.0500),(119,235,2,'SKU0106',2,371.02,'PENDING',NULL,0.0500),(120,171,115,'SKU0067',3,871.26,'PENDING',NULL,0.0500),(121,306,62,'SKU0015',2,717.21,'PENDING',NULL,0.0500),(122,373,82,'SKU0003',1,980.77,'PENDING',NULL,0.0500),(123,113,85,'SKU0019',2,548.05,'PENDING',NULL,0.0500),(124,126,74,'SKU0095',3,975.96,'PENDING',NULL,0.0500),(125,185,27,'SKU0096',1,274.46,'PENDING',NULL,0.0500),(126,194,82,'SKU0014',2,889.43,'PENDING',NULL,0.0500),(127,348,70,'SKU0116',2,988.60,'PENDING',NULL,0.0500),(128,270,23,'SKU0034',3,413.96,'PENDING',NULL,0.0500),(129,170,51,'SKU0076',2,950.74,'PENDING',NULL,0.0500),(130,142,40,'SKU0025',1,621.57,'PENDING',NULL,0.0500),(131,360,44,'SKU0107',3,210.67,'PENDING',NULL,0.0500),(132,233,73,'SKU0102',2,359.57,'PENDING',NULL,0.0500),(133,5,64,'SKU0119',3,232.42,'PENDING',NULL,0.0500),(134,349,20,'SKU0067',2,661.42,'PENDING',NULL,0.0500),(135,341,21,'SKU0039',2,359.43,'PENDING',NULL,0.0500),(136,151,2,'SKU0059',1,295.59,'PENDING',NULL,0.0500),(137,304,16,'SKU0007',2,375.24,'PENDING',NULL,0.0500),(138,221,46,'SKU0085',1,144.91,'PENDING',NULL,0.0500),(139,71,45,'SKU0113',2,806.74,'PENDING',NULL,0.0500),(140,258,86,'SKU0099',3,239.53,'PENDING',NULL,0.0500),(141,45,92,'SKU0035',1,996.32,'PENDING',NULL,0.0500),(142,101,56,'SKU0075',1,361.72,'PENDING',NULL,0.0500),(143,17,61,'SKU0120',2,323.86,'PENDING',NULL,0.0500),(144,348,82,'SKU0050',2,459.20,'PENDING',NULL,0.0500),(145,51,115,'SKU0034',2,637.33,'PENDING',NULL,0.0500),(146,89,73,'SKU0056',3,888.34,'PENDING',NULL,0.0500),(147,297,18,'SKU0088',1,325.02,'PENDING',NULL,0.0500),(148,214,71,'SKU0026',2,374.50,'PENDING',NULL,0.0500),(149,153,73,'SKU0119',3,515.04,'PENDING',NULL,0.0500),(150,94,49,'SKU0101',2,186.44,'PENDING',NULL,0.0500),(151,270,57,'SKU0089',2,553.43,'PENDING',NULL,0.0500),(152,351,92,'SKU0046',2,418.77,'PENDING',NULL,0.0500),(153,239,54,'SKU0053',2,124.91,'PENDING',NULL,0.0500),(154,287,4,'SKU0099',2,179.59,'PENDING',NULL,0.0500),(155,72,79,'SKU0117',2,807.97,'PENDING',NULL,0.0500),(156,298,66,'SKU0048',1,658.80,'PENDING',NULL,0.0500),(157,290,113,'SKU0038',1,779.80,'PENDING',NULL,0.0500),(158,202,17,'SKU0052',3,105.36,'PENDING',NULL,0.0500),(159,391,112,'SKU0067',2,855.28,'PENDING',NULL,0.0500),(160,44,8,'SKU0035',3,196.34,'PENDING',NULL,0.0500),(161,305,13,'SKU0106',2,608.90,'PENDING',NULL,0.0500),(162,354,43,'SKU0111',1,209.30,'PENDING',NULL,0.0500),(163,300,87,'SKU0066',3,745.26,'PENDING',NULL,0.0500),(164,360,27,'SKU0067',1,605.84,'PENDING',NULL,0.0500),(165,254,18,'SKU0029',3,675.70,'PENDING',NULL,0.0500),(166,80,39,'SKU0081',2,747.23,'PENDING',NULL,0.0500),(167,4,104,'SKU0063',3,719.00,'PENDING',NULL,0.0500),(168,59,9,'SKU0001',1,643.41,'PENDING',NULL,0.0500),(169,62,67,'SKU0013',1,283.86,'PENDING',NULL,0.0500),(170,243,4,'SKU0107',3,499.43,'PENDING',NULL,0.0500),(171,29,119,'SKU0016',2,464.10,'PENDING',NULL,0.0500),(172,95,105,'SKU0031',3,334.24,'PENDING',NULL,0.0500),(173,314,88,'SKU0057',3,655.44,'PENDING',NULL,0.0500),(174,222,19,'SKU0082',1,266.33,'PENDING',NULL,0.0500),(175,382,85,'SKU0031',1,560.36,'PENDING',NULL,0.0500),(176,359,70,'SKU0026',2,532.42,'PENDING',NULL,0.0500),(177,149,86,'SKU0013',3,543.67,'PENDING',NULL,0.0500),(178,342,36,'SKU0051',2,727.89,'PENDING',NULL,0.0500),(179,55,60,'SKU0054',2,233.35,'PENDING',NULL,0.0500),(180,146,59,'SKU0016',3,450.49,'PENDING',NULL,0.0500),(181,298,39,'SKU0005',3,685.38,'PENDING',NULL,0.0500),(182,337,80,'SKU0057',1,917.30,'PENDING',NULL,0.0500),(183,182,18,'SKU0060',3,512.52,'PENDING',NULL,0.0500),(184,5,21,'SKU0046',3,870.26,'PENDING',NULL,0.0500),(185,258,27,'SKU0045',3,572.55,'PENDING',NULL,0.0500),(186,263,9,'SKU0023',3,236.26,'PENDING',NULL,0.0500),(187,336,93,'SKU0073',2,513.53,'PENDING',NULL,0.0500),(188,72,36,'SKU0101',3,372.64,'PENDING',NULL,0.0500),(189,202,9,'SKU0118',3,535.37,'PENDING',NULL,0.0500),(190,242,78,'SKU0085',1,618.44,'PENDING',NULL,0.0500),(191,260,100,'SKU0085',3,333.30,'PENDING',NULL,0.0500),(192,358,42,'SKU0076',3,413.29,'PENDING',NULL,0.0500),(193,317,107,'SKU0052',1,140.44,'PENDING',NULL,0.0500),(194,376,21,'SKU0030',1,698.73,'PENDING',NULL,0.0500),(195,256,120,'SKU0087',2,391.29,'PENDING',NULL,0.0500),(196,119,99,'SKU0104',3,816.04,'PENDING',NULL,0.0500),(197,54,116,'SKU0113',1,755.35,'PENDING',NULL,0.0500),(198,197,97,'SKU0054',1,155.73,'PENDING',NULL,0.0500),(199,129,15,'SKU0005',3,165.59,'PENDING',NULL,0.0500),(200,391,48,'SKU0078',3,856.61,'PENDING',NULL,0.0500),(201,90,42,'SKU0014',3,504.56,'PENDING',NULL,0.0500),(202,69,82,'SKU0074',3,279.76,'PENDING',NULL,0.0500),(203,130,63,'SKU0057',3,357.48,'PENDING',NULL,0.0500),(204,104,95,'SKU0021',2,832.45,'PENDING',NULL,0.0500),(205,99,12,'SKU0075',1,666.20,'PENDING',NULL,0.0500),(206,343,13,'SKU0027',1,829.01,'PENDING',NULL,0.0500),(207,3,47,'SKU0100',2,611.47,'PENDING',NULL,0.0500),(208,37,44,'SKU0024',3,756.98,'PENDING',NULL,0.0500),(209,373,83,'SKU0068',2,271.12,'PENDING',NULL,0.0500),(210,107,74,'SKU0106',2,550.77,'PENDING',NULL,0.0500),(211,183,80,'SKU0116',3,868.08,'PENDING',NULL,0.0500),(212,35,57,'SKU0055',3,438.51,'PENDING',NULL,0.0500),(213,37,73,'SKU0011',1,804.15,'PENDING',NULL,0.0500),(214,153,13,'SKU0016',2,307.52,'PENDING',NULL,0.0500),(215,308,70,'SKU0043',1,301.62,'PENDING',NULL,0.0500),(216,149,119,'SKU0107',2,451.38,'PENDING',NULL,0.0500),(217,184,9,'SKU0112',1,971.30,'PENDING',NULL,0.0500),(218,39,69,'SKU0074',1,867.88,'PENDING',NULL,0.0500),(219,313,65,'SKU0040',2,656.78,'PENDING',NULL,0.0500),(220,280,90,'SKU0115',1,624.50,'PENDING',NULL,0.0500),(221,135,84,'SKU0004',1,404.24,'PENDING',NULL,0.0500),(222,134,26,'SKU0043',1,225.36,'PENDING',NULL,0.0500),(223,281,105,'SKU0094',2,931.76,'PENDING',NULL,0.0500),(224,340,117,'SKU0113',1,312.06,'PENDING',NULL,0.0500),(225,38,104,'SKU0073',3,732.78,'PENDING',NULL,0.0500),(226,392,104,'SKU0005',2,982.95,'PENDING',NULL,0.0500),(227,214,77,'SKU0095',3,936.43,'PENDING',NULL,0.0500),(228,283,62,'SKU0017',2,751.00,'PENDING',NULL,0.0500),(229,54,5,'SKU0064',3,302.72,'PENDING',NULL,0.0500),(230,180,56,'SKU0062',2,803.39,'PENDING',NULL,0.0500),(231,117,3,'SKU0120',1,123.72,'PENDING',NULL,0.0500),(232,101,69,'SKU0078',2,713.75,'PENDING',NULL,0.0500),(233,378,3,'SKU0071',2,146.93,'PENDING',NULL,0.0500),(234,393,49,'SKU0090',1,486.75,'PENDING',NULL,0.0500),(235,219,71,'SKU0018',1,494.16,'PENDING',NULL,0.0500),(236,316,116,'SKU0048',2,274.28,'PENDING',NULL,0.0500),(237,224,118,'SKU0008',1,308.83,'PENDING',NULL,0.0500),(238,302,2,'SKU0030',2,772.73,'PENDING',NULL,0.0500),(239,275,73,'SKU0006',1,885.93,'PENDING',NULL,0.0500),(240,128,105,'SKU0008',1,150.99,'PENDING',NULL,0.0500),(241,225,24,'SKU0037',1,382.71,'PENDING',NULL,0.0500),(242,309,84,'SKU0114',1,998.28,'PENDING',NULL,0.0500),(243,67,78,'SKU0051',2,691.82,'PENDING',NULL,0.0500),(244,337,10,'SKU0010',2,944.53,'PENDING',NULL,0.0500),(245,106,64,'SKU0091',3,832.08,'PENDING',NULL,0.0500),(246,113,57,'SKU0092',2,947.28,'PENDING',NULL,0.0500),(247,400,71,'SKU0038',3,319.79,'PENDING',NULL,0.0500),(248,137,41,'SKU0090',3,553.10,'PENDING',NULL,0.0500),(249,28,45,'SKU0116',2,734.95,'PENDING',NULL,0.0500),(250,319,63,'SKU0036',1,283.20,'PENDING',NULL,0.0500),(251,71,108,'SKU0067',1,374.45,'PENDING',NULL,0.0500),(252,284,27,'SKU0016',2,752.42,'PENDING',NULL,0.0500),(253,73,5,'SKU0031',3,496.25,'PENDING',NULL,0.0500),(254,392,59,'SKU0015',1,549.02,'PENDING',NULL,0.0500),(255,18,35,'SKU0036',3,445.76,'PENDING',NULL,0.0500),(256,44,8,'SKU0036',3,445.54,'PENDING',NULL,0.0500),(257,10,111,'SKU0049',2,499.62,'PENDING',NULL,0.0500),(258,115,27,'SKU0049',1,693.93,'PENDING',NULL,0.0500),(259,273,7,'SKU0085',2,128.18,'PENDING',NULL,0.0500),(260,391,45,'SKU0120',1,919.05,'PENDING',NULL,0.0500),(261,387,115,'SKU0044',2,829.22,'PENDING',NULL,0.0500),(262,303,28,'SKU0097',1,406.85,'PENDING',NULL,0.0500),(263,319,56,'SKU0111',2,804.35,'PENDING',NULL,0.0500),(264,377,97,'SKU0008',1,597.96,'PENDING',NULL,0.0500),(265,370,120,'SKU0087',2,872.66,'PENDING',NULL,0.0500),(266,274,60,'SKU0055',3,747.30,'PENDING',NULL,0.0500),(267,394,67,'SKU0034',1,964.27,'PENDING',NULL,0.0500),(268,240,96,'SKU0119',1,218.69,'PENDING',NULL,0.0500),(269,8,36,'SKU0103',3,955.87,'PENDING',NULL,0.0500),(270,44,32,'SKU0099',3,366.24,'PENDING',NULL,0.0500),(271,293,51,'SKU0005',3,346.84,'PENDING',NULL,0.0500),(272,138,85,'SKU0033',3,829.23,'PENDING',NULL,0.0500),(273,312,2,'SKU0016',2,611.60,'PENDING',NULL,0.0500),(274,165,108,'SKU0034',1,499.43,'PENDING',NULL,0.0500),(275,9,57,'SKU0002',2,133.30,'PENDING',NULL,0.0500),(276,184,62,'SKU0082',3,296.06,'PENDING',NULL,0.0500),(277,30,75,'SKU0011',2,907.34,'PENDING',NULL,0.0500),(278,283,41,'SKU0009',2,261.82,'PENDING',NULL,0.0500),(279,393,101,'SKU0036',2,882.15,'PENDING',NULL,0.0500),(280,66,30,'SKU0081',1,232.21,'PENDING',NULL,0.0500),(281,317,84,'SKU0007',1,203.00,'PENDING',NULL,0.0500),(282,20,24,'SKU0088',3,874.51,'PENDING',NULL,0.0500),(283,297,41,'SKU0006',3,745.62,'PENDING',NULL,0.0500),(284,32,92,'SKU0034',2,114.51,'PENDING',NULL,0.0500),(285,181,70,'SKU0092',1,640.52,'PENDING',NULL,0.0500),(286,180,14,'SKU0010',3,499.43,'PENDING',NULL,0.0500),(287,262,10,'SKU0031',1,393.21,'PENDING',NULL,0.0500),(288,191,107,'SKU0106',3,474.37,'PENDING',NULL,0.0500),(289,329,55,'SKU0113',2,228.77,'PENDING',NULL,0.0500),(290,168,78,'SKU0101',2,401.49,'PENDING',NULL,0.0500),(291,209,115,'SKU0084',2,523.62,'PENDING',NULL,0.0500),(292,151,80,'SKU0004',1,431.47,'PENDING',NULL,0.0500),(293,149,120,'SKU0020',3,122.98,'PENDING',NULL,0.0500),(294,312,28,'SKU0104',2,559.72,'PENDING',NULL,0.0500),(295,400,95,'SKU0066',3,741.56,'PENDING',NULL,0.0500),(296,111,49,'SKU0107',3,129.34,'PENDING',NULL,0.0500),(297,372,20,'SKU0049',3,170.60,'PENDING',NULL,0.0500),(298,40,120,'SKU0029',3,553.15,'PENDING',NULL,0.0500),(299,295,81,'SKU0071',3,476.27,'PENDING',NULL,0.0500),(300,376,16,'SKU0109',3,818.38,'PENDING',NULL,0.0500),(301,311,61,'SKU0085',3,568.30,'PENDING',NULL,0.0500),(302,163,35,'SKU0025',3,363.76,'PENDING',NULL,0.0500),(303,125,43,'SKU0032',2,307.80,'PENDING',NULL,0.0500),(304,162,96,'SKU0015',3,316.94,'PENDING',NULL,0.0500),(305,376,113,'SKU0053',2,171.72,'PENDING',NULL,0.0500),(306,287,65,'SKU0010',2,688.00,'PENDING',NULL,0.0500),(307,310,30,'SKU0058',2,306.79,'PENDING',NULL,0.0500),(308,65,119,'SKU0069',1,798.80,'PENDING',NULL,0.0500),(309,209,87,'SKU0075',3,224.33,'PENDING',NULL,0.0500),(310,134,102,'SKU0037',2,382.46,'PENDING',NULL,0.0500),(311,42,53,'SKU0054',3,984.92,'PENDING',NULL,0.0500),(312,295,64,'SKU0081',1,909.89,'PENDING',NULL,0.0500),(313,233,2,'SKU0022',1,476.76,'PENDING',NULL,0.0500),(314,392,71,'SKU0092',2,768.57,'PENDING',NULL,0.0500),(315,65,112,'SKU0005',2,121.54,'PENDING',NULL,0.0500),(316,86,10,'SKU0017',3,880.19,'PENDING',NULL,0.0500),(317,199,116,'SKU0055',2,214.71,'PENDING',NULL,0.0500),(318,357,72,'SKU0031',3,364.05,'PENDING',NULL,0.0500),(319,173,115,'SKU0106',2,632.33,'PENDING',NULL,0.0500),(320,316,14,'SKU0093',1,166.38,'PENDING',NULL,0.0500),(321,182,58,'SKU0117',2,667.75,'PENDING',NULL,0.0500),(322,380,107,'SKU0056',2,781.89,'PENDING',NULL,0.0500),(323,359,18,'SKU0094',1,751.34,'PENDING',NULL,0.0500),(324,302,118,'SKU0105',3,175.41,'PENDING',NULL,0.0500),(325,4,76,'SKU0076',2,706.52,'PENDING',NULL,0.0500),(326,233,49,'SKU0042',2,259.05,'PENDING',NULL,0.0500),(327,370,76,'SKU0036',1,309.04,'PENDING',NULL,0.0500),(328,253,44,'SKU0007',3,565.91,'PENDING',NULL,0.0500),(329,269,75,'SKU0066',2,356.73,'PENDING',NULL,0.0500),(330,197,41,'SKU0097',1,958.16,'PENDING',NULL,0.0500),(331,22,105,'SKU0095',3,289.61,'PENDING',NULL,0.0500),(332,266,36,'SKU0074',3,382.93,'PENDING',NULL,0.0500),(333,178,37,'SKU0022',1,359.06,'PENDING',NULL,0.0500),(334,250,57,'SKU0029',1,359.63,'PENDING',NULL,0.0500),(335,133,78,'SKU0097',1,932.06,'PENDING',NULL,0.0500),(336,342,36,'SKU0019',1,286.16,'PENDING',NULL,0.0500),(337,261,97,'SKU0022',1,638.55,'PENDING',NULL,0.0500),(338,21,115,'SKU0070',3,819.09,'PENDING',NULL,0.0500),(339,4,63,'SKU0107',1,432.59,'PENDING',NULL,0.0500),(340,145,74,'SKU0055',3,500.34,'PENDING',NULL,0.0500),(341,65,107,'SKU0059',2,926.20,'PENDING',NULL,0.0500),(342,367,91,'SKU0118',1,499.96,'PENDING',NULL,0.0500),(343,222,64,'SKU0034',1,878.05,'PENDING',NULL,0.0500),(344,143,94,'SKU0086',1,971.60,'PENDING',NULL,0.0500),(345,41,96,'SKU0102',1,754.63,'PENDING',NULL,0.0500),(346,168,21,'SKU0065',2,348.50,'PENDING',NULL,0.0500),(347,323,95,'SKU0066',3,799.34,'PENDING',NULL,0.0500),(348,362,89,'SKU0041',1,490.04,'PENDING',NULL,0.0500),(349,362,102,'SKU0067',2,271.36,'PENDING',NULL,0.0500),(350,286,85,'SKU0108',3,132.07,'PENDING',NULL,0.0500),(351,325,81,'SKU0002',1,223.19,'PENDING',NULL,0.0500),(352,193,112,'SKU0029',3,276.11,'PENDING',NULL,0.0500),(353,241,20,'SKU0063',1,760.20,'PENDING',NULL,0.0500),(354,145,17,'SKU0026',3,888.28,'PENDING',NULL,0.0500),(355,265,110,'SKU0093',3,292.77,'PENDING',NULL,0.0500),(356,223,9,'SKU0063',3,650.10,'PENDING',NULL,0.0500),(357,364,23,'SKU0005',2,719.18,'PENDING',NULL,0.0500),(358,315,49,'SKU0081',3,311.24,'PENDING',NULL,0.0500),(359,179,62,'SKU0068',3,958.90,'PENDING',NULL,0.0500),(360,154,108,'SKU0030',2,701.18,'PENDING',NULL,0.0500),(361,251,102,'SKU0081',2,638.06,'PENDING',NULL,0.0500),(362,279,62,'SKU0038',1,297.04,'PENDING',NULL,0.0500),(363,387,98,'SKU0037',2,972.43,'PENDING',NULL,0.0500),(364,167,32,'SKU0085',2,204.24,'PENDING',NULL,0.0500),(365,238,41,'SKU0085',1,412.82,'PENDING',NULL,0.0500),(366,204,91,'SKU0017',2,856.11,'PENDING',NULL,0.0500),(367,251,77,'SKU0053',3,311.37,'PENDING',NULL,0.0500),(368,149,35,'SKU0065',1,900.83,'PENDING',NULL,0.0500),(369,210,8,'SKU0072',2,335.44,'PENDING',NULL,0.0500),(370,163,53,'SKU0051',2,482.68,'PENDING',NULL,0.0500),(371,134,117,'SKU0007',2,536.95,'PENDING',NULL,0.0500),(372,113,44,'SKU0082',1,377.66,'PENDING',NULL,0.0500),(373,210,29,'SKU0074',1,582.41,'PENDING',NULL,0.0500),(374,400,81,'SKU0015',3,649.68,'PENDING',NULL,0.0500),(375,67,78,'SKU0070',1,955.25,'PENDING',NULL,0.0500),(376,11,103,'SKU0049',1,802.39,'PENDING',NULL,0.0500),(377,171,117,'SKU0046',3,157.12,'PENDING',NULL,0.0500),(378,26,67,'SKU0027',2,581.93,'PENDING',NULL,0.0500),(379,81,108,'SKU0069',2,873.75,'PENDING',NULL,0.0500),(380,118,38,'SKU0103',1,919.59,'PENDING',NULL,0.0500),(381,170,53,'SKU0028',3,760.00,'PENDING',NULL,0.0500),(382,7,5,'SKU0109',1,779.61,'PENDING',NULL,0.0500),(383,270,14,'SKU0065',2,812.21,'PENDING',NULL,0.0500),(384,22,21,'SKU0037',2,121.82,'PENDING',NULL,0.0500),(385,324,99,'SKU0089',1,130.40,'PENDING',NULL,0.0500),(386,384,16,'SKU0105',2,689.75,'PENDING',NULL,0.0500),(387,68,105,'SKU0095',2,875.79,'PENDING',NULL,0.0500),(388,40,10,'SKU0065',3,733.14,'PENDING',NULL,0.0500),(389,376,54,'SKU0003',1,768.39,'PENDING',NULL,0.0500),(390,278,78,'SKU0118',1,186.00,'PENDING',NULL,0.0500),(391,302,102,'SKU0051',1,848.32,'PENDING',NULL,0.0500),(392,160,101,'SKU0042',2,561.12,'PENDING',NULL,0.0500),(393,12,39,'SKU0036',2,282.40,'PENDING',NULL,0.0500),(394,136,84,'SKU0074',2,438.92,'PENDING',NULL,0.0500),(395,220,12,'SKU0029',2,604.90,'PENDING',NULL,0.0500),(396,248,37,'SKU0117',3,579.88,'PENDING',NULL,0.0500),(397,126,49,'SKU0003',2,754.80,'PENDING',NULL,0.0500),(398,191,98,'SKU0070',3,197.47,'PENDING',NULL,0.0500),(399,115,74,'SKU0004',2,794.09,'PENDING',NULL,0.0500),(400,229,48,'SKU0062',3,198.05,'PENDING',NULL,0.0500),(401,160,43,'SKU0019',3,978.24,'PENDING',NULL,0.0500),(402,49,72,'SKU0022',1,878.34,'PENDING',NULL,0.0500),(403,251,76,'SKU0032',1,227.20,'PENDING',NULL,0.0500),(404,316,108,'SKU0061',3,750.73,'PENDING',NULL,0.0500),(405,291,98,'SKU0030',1,790.67,'PENDING',NULL,0.0500),(406,130,53,'SKU0040',3,404.08,'PENDING',NULL,0.0500),(407,78,5,'SKU0042',3,608.78,'PENDING',NULL,0.0500),(408,209,112,'SKU0001',2,721.36,'PENDING',NULL,0.0500),(409,387,72,'SKU0102',2,591.03,'PENDING',NULL,0.0500),(410,161,84,'SKU0031',2,515.23,'PENDING',NULL,0.0500),(411,248,66,'SKU0072',3,993.48,'PENDING',NULL,0.0500),(412,42,118,'SKU0014',2,729.33,'PENDING',NULL,0.0500),(413,193,17,'SKU0097',1,245.88,'PENDING',NULL,0.0500),(414,384,16,'SKU0022',1,493.84,'PENDING',NULL,0.0500),(415,59,5,'SKU0114',2,545.67,'PENDING',NULL,0.0500),(416,321,103,'SKU0068',2,225.88,'PENDING',NULL,0.0500),(417,281,54,'SKU0052',1,367.08,'PENDING',NULL,0.0500),(418,223,38,'SKU0093',3,344.00,'PENDING',NULL,0.0500),(419,166,79,'SKU0114',2,607.43,'PENDING',NULL,0.0500),(420,85,19,'SKU0038',3,716.52,'PENDING',NULL,0.0500),(421,315,92,'SKU0048',3,644.07,'PENDING',NULL,0.0500),(422,242,60,'SKU0027',2,934.37,'PENDING',NULL,0.0500),(423,369,110,'SKU0119',1,247.81,'PENDING',NULL,0.0500),(424,367,107,'SKU0061',1,385.92,'PENDING',NULL,0.0500),(425,92,20,'SKU0061',1,993.98,'PENDING',NULL,0.0500),(426,3,40,'SKU0090',1,279.34,'PENDING',NULL,0.0500),(427,49,69,'SKU0059',2,185.24,'PENDING',NULL,0.0500),(428,320,60,'SKU0077',1,160.09,'PENDING',NULL,0.0500),(429,326,72,'SKU0114',1,410.46,'PENDING',NULL,0.0500),(430,8,119,'SKU0025',2,355.77,'PENDING',NULL,0.0500),(431,219,75,'SKU0094',2,430.55,'PENDING',NULL,0.0500),(432,393,52,'SKU0120',2,605.00,'PENDING',NULL,0.0500),(433,329,85,'SKU0026',1,633.38,'PENDING',NULL,0.0500),(434,53,94,'SKU0028',2,260.49,'PENDING',NULL,0.0500),(435,289,14,'SKU0017',3,628.59,'PENDING',NULL,0.0500),(436,393,50,'SKU0043',3,794.78,'PENDING',NULL,0.0500),(437,304,78,'SKU0036',3,884.20,'PENDING',NULL,0.0500),(438,343,117,'SKU0061',1,251.29,'PENDING',NULL,0.0500),(439,119,28,'SKU0012',3,231.84,'PENDING',NULL,0.0500),(440,85,61,'SKU0112',1,391.00,'PENDING',NULL,0.0500),(441,27,18,'SKU0066',2,482.87,'PENDING',NULL,0.0500),(442,242,42,'SKU0039',3,784.01,'PENDING',NULL,0.0500),(443,124,72,'SKU0051',2,796.53,'PENDING',NULL,0.0500),(444,362,61,'SKU0046',2,854.78,'PENDING',NULL,0.0500),(445,163,68,'SKU0011',3,857.97,'PENDING',NULL,0.0500),(446,86,82,'SKU0107',2,740.21,'PENDING',NULL,0.0500),(447,224,72,'SKU0057',2,725.59,'PENDING',NULL,0.0500),(448,129,88,'SKU0016',3,909.79,'PENDING',NULL,0.0500),(449,334,45,'SKU0023',1,879.52,'PENDING',NULL,0.0500),(450,239,99,'SKU0086',2,755.64,'PENDING',NULL,0.0500),(451,110,79,'SKU0072',1,444.21,'PENDING',NULL,0.0500),(452,92,120,'SKU0096',1,276.25,'PENDING',NULL,0.0500),(453,185,68,'SKU0025',1,627.57,'PENDING',NULL,0.0500),(454,169,13,'SKU0117',2,924.23,'PENDING',NULL,0.0500),(455,258,118,'SKU0002',3,345.73,'PENDING',NULL,0.0500),(456,332,36,'SKU0083',2,458.46,'PENDING',NULL,0.0500),(457,357,91,'SKU0033',2,662.74,'PENDING',NULL,0.0500),(458,293,106,'SKU0004',3,934.82,'PENDING',NULL,0.0500),(459,312,81,'SKU0059',2,256.39,'PENDING',NULL,0.0500),(460,384,112,'SKU0083',3,826.69,'PENDING',NULL,0.0500),(461,20,48,'SKU0004',3,904.84,'PENDING',NULL,0.0500),(462,79,91,'SKU0095',1,883.82,'PENDING',NULL,0.0500),(463,68,11,'SKU0054',1,150.44,'PENDING',NULL,0.0500),(464,327,91,'SKU0008',2,187.73,'PENDING',NULL,0.0500),(465,279,36,'SKU0110',1,689.59,'PENDING',NULL,0.0500),(466,378,3,'SKU0043',3,863.41,'PENDING',NULL,0.0500),(467,163,115,'SKU0091',1,915.15,'PENDING',NULL,0.0500),(468,301,93,'SKU0047',3,112.75,'PENDING',NULL,0.0500),(469,341,52,'SKU0054',3,702.68,'PENDING',NULL,0.0500),(470,34,25,'SKU0106',3,232.76,'PENDING',NULL,0.0500),(471,137,11,'SKU0023',2,140.06,'PENDING',NULL,0.0500),(472,312,26,'SKU0089',3,468.33,'PENDING',NULL,0.0500),(473,326,96,'SKU0108',1,380.05,'PENDING',NULL,0.0500),(474,288,45,'SKU0016',2,519.63,'PENDING',NULL,0.0500),(475,357,12,'SKU0073',2,179.35,'PENDING',NULL,0.0500),(476,47,24,'SKU0094',1,267.09,'PENDING',NULL,0.0500),(477,303,81,'SKU0003',1,809.86,'PENDING',NULL,0.0500),(478,112,82,'SKU0048',2,173.15,'PENDING',NULL,0.0500),(479,371,32,'SKU0040',3,678.09,'PENDING',NULL,0.0500),(480,98,96,'SKU0097',3,219.46,'PENDING',NULL,0.0500),(481,28,49,'SKU0091',2,260.20,'PENDING',NULL,0.0500),(482,72,73,'SKU0041',2,303.36,'PENDING',NULL,0.0500),(483,97,35,'SKU0114',1,259.40,'PENDING',NULL,0.0500),(484,152,34,'SKU0090',2,338.09,'PENDING',NULL,0.0500),(485,251,46,'SKU0075',2,413.97,'PENDING',NULL,0.0500),(486,329,67,'SKU0058',3,718.34,'PENDING',NULL,0.0500),(487,88,5,'SKU0107',3,447.11,'PENDING',NULL,0.0500),(488,276,73,'SKU0027',3,490.47,'PENDING',NULL,0.0500),(489,331,104,'SKU0088',2,286.70,'PENDING',NULL,0.0500),(490,359,65,'SKU0071',3,814.87,'PENDING',NULL,0.0500),(491,47,66,'SKU0099',1,332.39,'PENDING',NULL,0.0500),(492,240,34,'SKU0005',1,565.33,'PENDING',NULL,0.0500),(493,324,24,'SKU0061',1,520.52,'PENDING',NULL,0.0500),(494,166,48,'SKU0073',2,692.47,'PENDING',NULL,0.0500),(495,18,42,'SKU0090',1,666.52,'PENDING',NULL,0.0500),(496,5,21,'SKU0054',2,401.24,'PENDING',NULL,0.0500),(497,332,116,'SKU0013',1,921.83,'PENDING',NULL,0.0500),(498,157,21,'SKU0060',3,267.54,'PENDING',NULL,0.0500),(499,12,57,'SKU0104',3,510.80,'PENDING',NULL,0.0500),(500,295,89,'SKU0056',3,459.40,'PENDING',NULL,0.0500),(501,125,33,'SKU0093',2,640.85,'PENDING',NULL,0.0500),(502,248,87,'SKU0052',2,136.12,'PENDING',NULL,0.0500),(503,120,98,'SKU0120',3,197.07,'PENDING',NULL,0.0500),(504,219,100,'SKU0035',3,460.68,'PENDING',NULL,0.0500),(505,15,21,'SKU0066',1,930.12,'PENDING',NULL,0.0500),(506,306,90,'SKU0068',1,956.34,'PENDING',NULL,0.0500),(507,291,97,'SKU0018',1,697.07,'PENDING',NULL,0.0500),(508,28,12,'SKU0040',1,821.34,'PENDING',NULL,0.0500),(509,235,51,'SKU0022',2,100.76,'PENDING',NULL,0.0500),(510,76,26,'SKU0114',1,371.15,'PENDING',NULL,0.0500),(511,42,24,'SKU0031',1,492.89,'PENDING',NULL,0.0500),(512,371,32,'SKU0020',3,599.81,'PENDING',NULL,0.0500),(513,398,48,'SKU0001',2,243.40,'PENDING',NULL,0.0500),(514,52,61,'SKU0071',3,454.64,'PENDING',NULL,0.0500),(515,109,117,'SKU0061',3,438.66,'PENDING',NULL,0.0500),(516,238,91,'SKU0032',1,448.82,'PENDING',NULL,0.0500),(517,163,98,'SKU0120',1,459.90,'PENDING',NULL,0.0500),(518,168,115,'SKU0037',3,757.33,'PENDING',NULL,0.0500),(519,218,77,'SKU0051',3,164.49,'PENDING',NULL,0.0500),(520,251,86,'SKU0095',3,124.21,'PENDING',NULL,0.0500),(521,312,23,'SKU0099',1,432.22,'PENDING',NULL,0.0500),(522,175,65,'SKU0106',1,649.51,'PENDING',NULL,0.0500),(523,385,51,'SKU0118',1,681.02,'PENDING',NULL,0.0500),(524,71,64,'SKU0025',1,290.11,'PENDING',NULL,0.0500),(525,223,12,'SKU0044',2,688.64,'PENDING',NULL,0.0500),(526,218,20,'SKU0037',2,448.13,'PENDING',NULL,0.0500),(527,247,5,'SKU0034',2,261.57,'PENDING',NULL,0.0500),(528,204,88,'SKU0067',1,518.43,'PENDING',NULL,0.0500),(529,43,45,'SKU0088',3,191.26,'PENDING',NULL,0.0500),(530,208,103,'SKU0104',1,244.80,'PENDING',NULL,0.0500),(531,66,74,'SKU0065',2,717.67,'PENDING',NULL,0.0500),(532,6,63,'SKU0084',3,461.53,'PENDING',NULL,0.0500),(533,395,7,'SKU0039',2,332.78,'PENDING',NULL,0.0500),(534,325,15,'SKU0078',2,551.86,'PENDING',NULL,0.0500),(535,400,61,'SKU0092',2,859.75,'PENDING',NULL,0.0500),(536,187,15,'SKU0101',1,982.66,'PENDING',NULL,0.0500),(537,273,98,'SKU0050',3,172.01,'PENDING',NULL,0.0500),(538,4,44,'SKU0120',3,631.14,'PENDING',NULL,0.0500),(539,102,66,'SKU0105',3,754.87,'PENDING',NULL,0.0500),(540,233,56,'SKU0007',2,353.54,'PENDING',NULL,0.0500),(541,63,112,'SKU0063',2,430.39,'PENDING',NULL,0.0500),(542,307,88,'SKU0048',2,483.13,'PENDING',NULL,0.0500),(543,346,38,'SKU0099',1,588.47,'PENDING',NULL,0.0500),(544,92,38,'SKU0046',2,115.77,'PENDING',NULL,0.0500),(545,167,39,'SKU0082',1,636.20,'PENDING',NULL,0.0500),(546,183,94,'SKU0005',3,764.81,'PENDING',NULL,0.0500),(547,128,23,'SKU0011',3,185.12,'PENDING',NULL,0.0500),(548,373,19,'SKU0082',2,487.99,'PENDING',NULL,0.0500),(549,141,45,'SKU0059',3,655.52,'PENDING',NULL,0.0500),(550,376,106,'SKU0068',3,512.58,'PENDING',NULL,0.0500),(551,40,42,'SKU0048',1,232.08,'PENDING',NULL,0.0500),(552,371,82,'SKU0104',1,443.72,'PENDING',NULL,0.0500),(553,372,11,'SKU0044',3,774.34,'PENDING',NULL,0.0500),(554,217,52,'SKU0003',1,955.32,'PENDING',NULL,0.0500),(555,132,93,'SKU0084',3,894.63,'PENDING',NULL,0.0500),(556,222,15,'SKU0102',1,613.81,'PENDING',NULL,0.0500),(557,156,79,'SKU0066',3,868.82,'PENDING',NULL,0.0500),(558,125,89,'SKU0103',1,436.81,'PENDING',NULL,0.0500),(559,243,28,'SKU0098',2,347.31,'PENDING',NULL,0.0500),(560,353,100,'SKU0024',2,551.41,'PENDING',NULL,0.0500),(561,24,78,'SKU0052',1,710.39,'PENDING',NULL,0.0500),(562,140,1,'SKU0053',1,116.85,'PENDING',NULL,0.0500),(563,213,85,'SKU0017',2,340.35,'PENDING',NULL,0.0500),(564,307,102,'SKU0082',2,187.43,'PENDING',NULL,0.0500),(565,116,3,'SKU0091',2,298.95,'PENDING',NULL,0.0500),(566,314,37,'SKU0094',3,648.38,'PENDING',NULL,0.0500),(567,236,76,'SKU0054',3,635.71,'PENDING',NULL,0.0500),(568,278,50,'SKU0061',3,111.31,'PENDING',NULL,0.0500),(569,175,41,'SKU0045',2,236.60,'PENDING',NULL,0.0500),(570,381,64,'SKU0027',3,727.95,'PENDING',NULL,0.0500),(571,345,50,'SKU0033',2,129.04,'PENDING',NULL,0.0500),(572,293,11,'SKU0081',2,605.19,'PENDING',NULL,0.0500),(573,177,11,'SKU0027',3,986.38,'PENDING',NULL,0.0500),(574,190,39,'SKU0038',2,506.35,'PENDING',NULL,0.0500),(575,240,4,'SKU0020',3,626.44,'PENDING',NULL,0.0500),(576,320,46,'SKU0073',2,473.85,'PENDING',NULL,0.0500),(577,392,3,'SKU0097',2,600.80,'PENDING',NULL,0.0500),(578,252,31,'SKU0049',3,218.53,'PENDING',NULL,0.0500),(579,311,109,'SKU0016',1,456.17,'PENDING',NULL,0.0500),(580,109,15,'SKU0074',2,260.76,'PENDING',NULL,0.0500),(581,82,99,'SKU0100',3,981.01,'PENDING',NULL,0.0500),(582,282,53,'SKU0046',1,476.36,'PENDING',NULL,0.0500),(583,307,36,'SKU0041',2,667.25,'PENDING',NULL,0.0500),(584,341,114,'SKU0088',3,785.58,'PENDING',NULL,0.0500),(585,163,65,'SKU0069',3,452.96,'PENDING',NULL,0.0500),(586,207,64,'SKU0097',2,357.66,'PENDING',NULL,0.0500),(587,231,21,'SKU0119',1,460.05,'PENDING',NULL,0.0500),(588,2,69,'SKU0107',2,786.64,'PENDING',NULL,0.0500),(589,336,23,'SKU0088',1,445.02,'PENDING',NULL,0.0500),(590,335,54,'SKU0054',2,269.99,'PENDING',NULL,0.0500),(591,15,80,'SKU0029',1,648.74,'PENDING',NULL,0.0500),(592,258,11,'SKU0077',3,758.93,'PENDING',NULL,0.0500),(593,12,42,'SKU0079',1,249.81,'PENDING',NULL,0.0500),(594,321,61,'SKU0088',1,956.66,'PENDING',NULL,0.0500),(595,12,96,'SKU0077',3,450.41,'PENDING',NULL,0.0500),(596,262,111,'SKU0025',1,511.99,'PENDING',NULL,0.0500),(597,371,112,'SKU0031',1,524.95,'PENDING',NULL,0.0500),(598,365,118,'SKU0026',2,219.39,'PENDING',NULL,0.0500),(599,34,115,'SKU0004',1,619.84,'PENDING',NULL,0.0500),(600,236,32,'SKU0088',3,499.29,'PENDING',NULL,0.0500),(601,124,102,'SKU0023',2,550.19,'PENDING',NULL,0.0500),(602,57,103,'SKU0078',2,884.88,'PENDING',NULL,0.0500),(603,82,32,'SKU0060',3,966.23,'PENDING',NULL,0.0500),(604,4,96,'SKU0005',3,709.19,'PENDING',NULL,0.0500),(605,267,61,'SKU0111',2,163.33,'PENDING',NULL,0.0500),(606,214,34,'SKU0114',3,583.61,'PENDING',NULL,0.0500),(607,367,100,'SKU0078',3,990.29,'PENDING',NULL,0.0500),(608,366,4,'SKU0057',2,844.98,'PENDING',NULL,0.0500),(609,31,38,'SKU0104',2,845.48,'PENDING',NULL,0.0500),(610,372,99,'SKU0006',2,459.49,'PENDING',NULL,0.0500),(611,262,81,'SKU0084',2,485.73,'PENDING',NULL,0.0500),(612,64,14,'SKU0019',2,782.15,'PENDING',NULL,0.0500),(613,297,97,'SKU0102',1,749.79,'PENDING',NULL,0.0500),(614,188,53,'SKU0085',2,227.76,'PENDING',NULL,0.0500),(615,125,102,'SKU0062',1,338.06,'PENDING',NULL,0.0500),(616,169,83,'SKU0089',1,512.42,'PENDING',NULL,0.0500),(617,364,63,'SKU0097',1,781.28,'PENDING',NULL,0.0500),(618,176,38,'SKU0089',2,397.60,'PENDING',NULL,0.0500),(619,231,90,'SKU0034',3,347.77,'PENDING',NULL,0.0500),(620,19,98,'SKU0018',1,569.60,'PENDING',NULL,0.0500),(621,14,29,'SKU0113',2,607.19,'PENDING',NULL,0.0500),(622,366,38,'SKU0040',3,242.47,'PENDING',NULL,0.0500),(623,325,40,'SKU0061',3,495.88,'PENDING',NULL,0.0500),(624,151,20,'SKU0096',3,215.70,'PENDING',NULL,0.0500),(625,312,38,'SKU0110',2,331.58,'PENDING',NULL,0.0500),(626,117,4,'SKU0109',1,624.91,'PENDING',NULL,0.0500),(627,76,75,'SKU0002',2,427.75,'PENDING',NULL,0.0500),(628,261,96,'SKU0112',3,465.26,'PENDING',NULL,0.0500),(629,317,116,'SKU0022',2,679.47,'PENDING',NULL,0.0500),(630,301,110,'SKU0065',2,571.00,'PENDING',NULL,0.0500),(631,194,111,'SKU0119',2,683.54,'PENDING',NULL,0.0500),(632,269,62,'SKU0023',2,907.42,'PENDING',NULL,0.0500),(633,8,86,'SKU0009',2,302.34,'PENDING',NULL,0.0500),(634,106,29,'SKU0020',2,647.78,'PENDING',NULL,0.0500),(635,374,102,'SKU0016',3,277.25,'PENDING',NULL,0.0500),(636,256,59,'SKU0073',3,915.67,'PENDING',NULL,0.0500),(637,383,109,'SKU0105',3,908.32,'PENDING',NULL,0.0500),(638,380,26,'SKU0047',3,129.56,'PENDING',NULL,0.0500),(639,321,13,'SKU0043',3,160.48,'PENDING',NULL,0.0500),(640,284,69,'SKU0109',3,583.96,'PENDING',NULL,0.0500),(641,41,103,'SKU0008',2,610.03,'PENDING',NULL,0.0500),(642,127,32,'SKU0033',3,264.42,'PENDING',NULL,0.0500),(643,334,110,'SKU0032',1,720.67,'PENDING',NULL,0.0500),(644,234,23,'SKU0006',3,339.19,'PENDING',NULL,0.0500),(645,143,12,'SKU0096',1,760.00,'PENDING',NULL,0.0500),(646,33,116,'SKU0116',1,570.30,'PENDING',NULL,0.0500),(647,32,27,'SKU0030',1,627.11,'PENDING',NULL,0.0500),(648,298,62,'SKU0060',1,583.24,'PENDING',NULL,0.0500),(649,27,41,'SKU0102',3,165.75,'PENDING',NULL,0.0500),(650,245,15,'SKU0057',1,528.43,'PENDING',NULL,0.0500),(651,52,70,'SKU0076',1,638.46,'PENDING',NULL,0.0500),(652,154,73,'SKU0002',3,486.78,'PENDING',NULL,0.0500),(653,58,93,'SKU0114',2,799.66,'PENDING',NULL,0.0500),(654,100,76,'SKU0104',3,652.97,'PENDING',NULL,0.0500),(655,234,1,'SKU0033',2,641.22,'PENDING',NULL,0.0500),(656,253,81,'SKU0023',2,556.56,'PENDING',NULL,0.0500),(657,264,37,'SKU0083',2,337.78,'PENDING',NULL,0.0500),(658,273,32,'SKU0044',2,710.06,'PENDING',NULL,0.0500),(659,258,40,'SKU0081',2,200.32,'PENDING',NULL,0.0500),(660,388,24,'SKU0063',1,387.29,'PENDING',NULL,0.0500),(661,261,61,'SKU0064',1,260.92,'PENDING',NULL,0.0500),(662,390,56,'SKU0087',2,185.11,'PENDING',NULL,0.0500),(663,227,44,'SKU0082',3,584.73,'PENDING',NULL,0.0500),(664,94,25,'SKU0100',1,786.57,'PENDING',NULL,0.0500),(665,110,40,'SKU0065',2,388.01,'PENDING',NULL,0.0500),(666,272,61,'SKU0014',3,370.06,'PENDING',NULL,0.0500),(667,313,27,'SKU0074',3,239.14,'PENDING',NULL,0.0500),(668,81,25,'SKU0099',2,807.23,'PENDING',NULL,0.0500),(669,81,79,'SKU0085',1,393.11,'PENDING',NULL,0.0500),(670,265,61,'SKU0084',3,809.87,'PENDING',NULL,0.0500),(671,400,93,'SKU0035',1,939.56,'PENDING',NULL,0.0500),(672,242,120,'SKU0110',2,433.71,'PENDING',NULL,0.0500),(673,157,43,'SKU0094',2,846.31,'PENDING',NULL,0.0500),(674,162,58,'SKU0040',2,606.96,'PENDING',NULL,0.0500),(675,391,54,'SKU0001',2,149.78,'PENDING',NULL,0.0500),(676,210,46,'SKU0083',1,977.49,'PENDING',NULL,0.0500),(677,393,36,'SKU0003',3,281.99,'PENDING',NULL,0.0500),(678,339,92,'SKU0033',2,849.30,'PENDING',NULL,0.0500),(679,13,42,'SKU0055',2,393.12,'PENDING',NULL,0.0500),(680,287,95,'SKU0026',1,655.80,'PENDING',NULL,0.0500),(681,226,110,'SKU0036',1,166.98,'PENDING',NULL,0.0500),(682,83,42,'SKU0093',2,947.34,'PENDING',NULL,0.0500),(683,304,61,'SKU0006',3,451.06,'PENDING',NULL,0.0500),(684,362,63,'SKU0032',2,988.24,'PENDING',NULL,0.0500),(685,301,49,'SKU0008',1,150.50,'PENDING',NULL,0.0500),(686,176,36,'SKU0069',2,494.31,'PENDING',NULL,0.0500),(687,146,15,'SKU0061',1,892.76,'PENDING',NULL,0.0500),(688,38,42,'SKU0100',3,472.40,'PENDING',NULL,0.0500),(689,78,112,'SKU0020',3,368.97,'PENDING',NULL,0.0500),(690,103,72,'SKU0012',2,320.70,'PENDING',NULL,0.0500),(691,294,70,'SKU0098',3,334.65,'PENDING',NULL,0.0500),(692,272,105,'SKU0038',3,119.67,'PENDING',NULL,0.0500),(693,396,99,'SKU0009',3,740.26,'PENDING',NULL,0.0500),(694,161,110,'SKU0047',2,772.55,'PENDING',NULL,0.0500),(695,110,24,'SKU0042',2,304.91,'PENDING',NULL,0.0500),(696,186,43,'SKU0026',3,974.29,'PENDING',NULL,0.0500),(697,133,33,'SKU0078',3,939.41,'PENDING',NULL,0.0500),(698,72,16,'SKU0083',2,484.60,'PENDING',NULL,0.0500),(699,250,103,'SKU0007',3,154.26,'PENDING',NULL,0.0500),(700,263,48,'SKU0003',3,493.49,'PENDING',NULL,0.0500),(701,17,65,'SKU0112',2,811.12,'PENDING',NULL,0.0500),(702,252,37,'SKU0074',2,670.94,'PENDING',NULL,0.0500),(703,377,10,'SKU0073',1,976.80,'PENDING',NULL,0.0500),(704,400,15,'SKU0069',1,818.73,'PENDING',NULL,0.0500),(705,45,74,'SKU0119',2,649.03,'PENDING',NULL,0.0500),(706,98,97,'SKU0010',3,487.85,'PENDING',NULL,0.0500),(707,142,60,'SKU0058',3,236.98,'PENDING',NULL,0.0500),(708,170,10,'SKU0024',3,617.70,'PENDING',NULL,0.0500),(709,233,68,'SKU0100',3,765.51,'PENDING',NULL,0.0500),(710,222,114,'SKU0003',2,617.26,'PENDING',NULL,0.0500),(711,4,80,'SKU0107',2,116.98,'PENDING',NULL,0.0500),(712,116,42,'SKU0055',1,332.97,'PENDING',NULL,0.0500),(713,115,75,'SKU0087',2,579.13,'PENDING',NULL,0.0500),(714,335,86,'SKU0026',3,932.82,'PENDING',NULL,0.0500),(715,367,112,'SKU0074',1,269.96,'PENDING',NULL,0.0500),(716,76,27,'SKU0040',1,190.81,'PENDING',NULL,0.0500),(717,274,78,'SKU0109',1,801.52,'PENDING',NULL,0.0500),(718,277,45,'SKU0009',2,883.50,'PENDING',NULL,0.0500),(719,118,85,'SKU0027',1,372.64,'PENDING',NULL,0.0500),(720,218,35,'SKU0030',1,795.11,'PENDING',NULL,0.0500),(721,14,18,'SKU0113',2,210.80,'PENDING',NULL,0.0500),(722,193,4,'SKU0057',3,868.77,'PENDING',NULL,0.0500),(723,107,49,'SKU0007',2,494.69,'PENDING',NULL,0.0500),(724,102,27,'SKU0099',2,631.20,'PENDING',NULL,0.0500),(725,64,12,'SKU0023',3,921.95,'PENDING',NULL,0.0500),(726,371,67,'SKU0016',1,780.95,'PENDING',NULL,0.0500),(727,62,63,'SKU0095',3,422.55,'PENDING',NULL,0.0500),(728,163,54,'SKU0025',1,986.64,'PENDING',NULL,0.0500),(729,260,47,'SKU0062',2,557.86,'PENDING',NULL,0.0500),(730,234,3,'SKU0001',2,823.07,'PENDING',NULL,0.0500),(731,205,110,'SKU0013',2,424.35,'PENDING',NULL,0.0500),(732,159,108,'SKU0009',2,951.35,'PENDING',NULL,0.0500),(733,334,39,'SKU0030',3,176.01,'PENDING',NULL,0.0500),(734,330,104,'SKU0050',2,114.27,'PENDING',NULL,0.0500),(735,141,94,'SKU0083',2,140.83,'PENDING',NULL,0.0500),(736,128,23,'SKU0073',1,215.15,'PENDING',NULL,0.0500),(737,80,18,'SKU0089',2,786.06,'PENDING',NULL,0.0500),(738,32,77,'SKU0103',1,879.71,'PENDING',NULL,0.0500),(739,339,38,'SKU0048',3,473.39,'PENDING',NULL,0.0500),(740,81,54,'SKU0023',1,942.66,'PENDING',NULL,0.0500),(741,78,95,'SKU0104',3,263.45,'PENDING',NULL,0.0500),(742,57,101,'SKU0021',1,547.80,'PENDING',NULL,0.0500),(743,157,52,'SKU0081',2,918.08,'PENDING',NULL,0.0500),(744,136,80,'SKU0042',1,804.94,'PENDING',NULL,0.0500),(745,170,4,'SKU0114',2,130.80,'PENDING',NULL,0.0500),(746,74,117,'SKU0053',1,585.53,'PENDING',NULL,0.0500),(747,391,77,'SKU0093',3,252.77,'PENDING',NULL,0.0500),(748,52,2,'SKU0045',1,182.91,'PENDING',NULL,0.0500),(749,34,15,'SKU0061',2,985.03,'PENDING',NULL,0.0500),(750,275,57,'SKU0018',3,828.48,'PENDING',NULL,0.0500),(751,1,40,'SKU0061',2,909.59,'PENDING',NULL,0.0500),(752,132,17,'SKU0042',3,585.99,'PENDING',NULL,0.0500),(753,315,86,'SKU0092',1,530.01,'PENDING',NULL,0.0500),(754,384,107,'SKU0110',3,276.66,'PENDING',NULL,0.0500),(755,113,66,'SKU0017',1,303.00,'PENDING',NULL,0.0500),(756,43,96,'SKU0013',3,463.45,'PENDING',NULL,0.0500),(757,315,14,'SKU0032',1,325.60,'PENDING',NULL,0.0500),(758,374,85,'SKU0039',2,739.41,'PENDING',NULL,0.0500),(759,237,86,'SKU0076',3,565.21,'PENDING',NULL,0.0500),(760,137,98,'SKU0116',1,395.15,'PENDING',NULL,0.0500),(761,192,85,'SKU0019',3,762.77,'PENDING',NULL,0.0500),(762,18,96,'SKU0116',2,668.69,'PENDING',NULL,0.0500),(763,102,24,'SKU0002',1,671.17,'PENDING',NULL,0.0500),(764,122,21,'SKU0051',2,110.54,'PENDING',NULL,0.0500),(765,247,62,'SKU0110',2,268.97,'PENDING',NULL,0.0500),(766,296,52,'SKU0058',1,507.87,'PENDING',NULL,0.0500),(767,135,70,'SKU0057',1,770.46,'PENDING',NULL,0.0500),(768,336,99,'SKU0066',2,403.53,'PENDING',NULL,0.0500),(769,96,33,'SKU0044',2,794.81,'PENDING',NULL,0.0500),(770,234,85,'SKU0013',3,870.59,'PENDING',NULL,0.0500),(771,391,67,'SKU0034',1,803.76,'PENDING',NULL,0.0500),(772,219,83,'SKU0004',3,213.61,'PENDING',NULL,0.0500),(773,117,59,'SKU0107',1,208.25,'PENDING',NULL,0.0500),(774,365,38,'SKU0017',2,376.33,'PENDING',NULL,0.0500),(775,224,71,'SKU0011',3,264.35,'PENDING',NULL,0.0500),(776,262,25,'SKU0019',3,299.67,'PENDING',NULL,0.0500),(777,9,26,'SKU0094',3,418.54,'PENDING',NULL,0.0500),(778,308,100,'SKU0020',3,873.93,'PENDING',NULL,0.0500),(779,269,7,'SKU0103',3,426.39,'PENDING',NULL,0.0500),(780,118,89,'SKU0068',1,437.02,'PENDING',NULL,0.0500),(781,52,88,'SKU0022',3,670.88,'PENDING',NULL,0.0500),(782,317,29,'SKU0108',3,236.85,'PENDING',NULL,0.0500),(783,313,55,'SKU0110',1,350.58,'PENDING',NULL,0.0500),(784,206,38,'SKU0050',3,974.81,'PENDING',NULL,0.0500),(785,244,60,'SKU0042',1,749.39,'PENDING',NULL,0.0500),(786,154,1,'SKU0010',2,737.51,'PENDING',NULL,0.0500),(787,343,40,'SKU0027',3,651.81,'PENDING',NULL,0.0500),(788,35,8,'SKU0097',2,226.27,'PENDING',NULL,0.0500),(789,247,106,'SKU0021',1,452.11,'PENDING',NULL,0.0500),(790,82,83,'SKU0054',2,632.27,'PENDING',NULL,0.0500),(791,128,107,'SKU0045',1,303.67,'PENDING',NULL,0.0500),(792,142,18,'SKU0115',2,211.12,'PENDING',NULL,0.0500),(793,379,75,'SKU0087',1,285.25,'PENDING',NULL,0.0500),(794,73,87,'SKU0036',2,109.69,'PENDING',NULL,0.0500),(795,61,67,'SKU0040',3,192.35,'PENDING',NULL,0.0500),(796,322,77,'SKU0061',1,694.38,'PENDING',NULL,0.0500),(797,153,106,'SKU0016',3,768.62,'PENDING',NULL,0.0500),(798,233,20,'SKU0010',3,407.24,'PENDING',NULL,0.0500),(799,140,6,'SKU0049',2,201.55,'PENDING',NULL,0.0500),(800,239,55,'SKU0075',1,888.62,'PENDING',NULL,0.0500),(801,401,101,'P001',2,10.00,'PENDING',NULL,0.0500),(802,401,102,'P002',1,10.00,'PENDING',NULL,0.0500);
/*!40000 ALTER TABLE `eci_order_items` ENABLE KEYS */;
UNLOCK TABLES;

--
-- Table structure for table `eci_orders`
--

DROP TABLE IF EXISTS `eci_orders`;
/*!40101 SET @saved_cs_client     = @@character_set_client */;
/*!50503 SET character_set_client = utf8mb4 */;
CREATE TABLE `eci_orders` (
  `order_id` int NOT NULL AUTO_INCREMENT,
  `customer_id` int DEFAULT NULL,
  `order_status` enum('DELIVERED','CANCELLED','PENDING') NOT NULL DEFAULT 'PENDING',
  `payment_status` enum('PENDING','SUCCESS','FAILED') NOT NULL DEFAULT 'PENDING',
  `order_total` decimal(10,2) NOT NULL,
  `created_at` datetime NOT NULL DEFAULT CURRENT_TIMESTAMP,
  `totals_signature` varchar(255) NOT NULL DEFAULT 'TEMP' COMMENT 'Hash of prices, tax, shipping, and discounts',
  `payment_id` varchar(50) DEFAULT NULL COMMENT 'Reference ID for the transaction in the Payment Service',
  PRIMARY KEY (`order_id`)
) ENGINE=InnoDB AUTO_INCREMENT=402 DEFAULT CHARSET=utf8mb4 COLLATE=utf8mb4_0900_ai_ci;
/*!40101 SET character_set_client = @saved_cs_client */;

--
-- Dumping data for table `eci_orders`
--

LOCK TABLES `eci_orders` WRITE;
/*!40000 ALTER TABLE `eci_orders` DISABLE KEYS */;
INSERT INTO `eci_orders` VALUES (1,44,'PENDING','FAILED',966.29,'2024-09-18 14:40:32','',NULL),(2,98,'CANCELLED','FAILED',786.94,'2023-02-06 02:26:38','',NULL),(3,73,'PENDING','SUCCESS',476.64,'2024-05-28 00:37:55','',NULL),(4,73,'CANCELLED','FAILED',1964.31,'2023-11-14 05:17:59','',NULL),(5,51,'PENDING','FAILED',539.01,'2023-06-18 18:19:53','',NULL),(6,43,'CANCELLED','FAILED',1350.21,'2024-04-18 06:00:22','',NULL),(7,12,'PENDING','SUCCESS',1414.79,'2023-10-03 22:45:13','',NULL),(8,5,'CANCELLED','FAILED',248.31,'2023-11-06 03:12:38','',NULL),(9,9,'DELIVERED','FAILED',570.61,'2024-03-28 05:12:02','',NULL),(10,85,'CANCELLED','SUCCESS',1018.39,'2024-07-26 16:21:09','',NULL),(11,67,'PENDING','SUCCESS',788.19,'2024-09-30 06:01:01','',NULL),(12,51,'PENDING','SUCCESS',432.45,'2024-10-11 23:34:29','',NULL),(13,62,'CANCELLED','SUCCESS',900.19,'2023-11-17 18:07:15','',NULL),(14,17,'PENDING','FAILED',977.96,'2025-01-07 13:04:56','',NULL),(15,21,'CANCELLED','FAILED',1257.49,'2025-02-19 13:37:35','',NULL),(16,92,'CANCELLED','FAILED',695.79,'2023-01-12 13:30:23','',NULL),(17,19,'DELIVERED','SUCCESS',1684.25,'2025-07-28 14:23:24','',NULL),(18,32,'CANCELLED','FAILED',1838.54,'2025-02-01 16:15:51','',NULL),(19,59,'DELIVERED','SUCCESS',1527.12,'2024-03-23 06:07:45','',NULL),(20,83,'DELIVERED','FAILED',1460.57,'2024-04-07 01:41:32','',NULL),(21,51,'CANCELLED','SUCCESS',947.09,'2023-10-06 23:09:25','',NULL),(22,80,'CANCELLED','FAILED',1024.09,'2023-10-12 23:17:59','',NULL),(23,90,'CANCELLED','SUCCESS',908.39,'2023-03-09 19:55:45','',NULL),(24,31,'PENDING','FAILED',1788.60,'2025-04-15 08:18:31','',NULL),(25,38,'CANCELLED','SUCCESS',1456.48,'2023-12-04 11:50:54','',NULL),(26,64,'DELIVERED','SUCCESS',1991.57,'2023-04-29 21:22:50','',NULL),(27,97,'PENDING','FAILED',938.17,'2023-09-14 01:38:50','',NULL),(28,33,'PENDING','SUCCESS',1031.90,'2023-04-24 16:55:32','',NULL),(29,82,'CANCELLED','FAILED',886.08,'2024-09-12 08:32:33','',NULL),(30,25,'DELIVERED','SUCCESS',219.33,'2023-06-28 03:40:53','',NULL),(31,91,'PENDING','FAILED',1406.53,'2024-12-22 04:19:42','',NULL),(32,63,'DELIVERED','SUCCESS',348.59,'2024-01-12 09:21:37','',NULL),(33,92,'DELIVERED','SUCCESS',1047.42,'2024-03-09 15:09:49','',NULL),(34,21,'PENDING','SUCCESS',1292.58,'2023-10-03 07:51:34','',NULL),(35,38,'PENDING','FAILED',503.22,'2023-01-18 09:57:43','',NULL),(36,87,'DELIVERED','SUCCESS',993.18,'2023-10-04 10:05:33','',NULL),(37,28,'CANCELLED','SUCCESS',1806.84,'2025-04-06 21:32:16','',NULL),(38,28,'DELIVERED','SUCCESS',1705.70,'2025-03-23 06:10:22','',NULL),(39,83,'CANCELLED','SUCCESS',903.11,'2024-04-23 23:09:40','',NULL),(40,57,'PENDING','SUCCESS',287.60,'2024-08-09 06:19:30','',NULL),(41,99,'PENDING','SUCCESS',874.36,'2024-01-06 13:25:40','',NULL),(42,26,'PENDING','SUCCESS',959.03,'2023-01-23 14:50:05','',NULL),(43,44,'PENDING','SUCCESS',597.02,'2023-05-31 01:37:42','',NULL),(44,86,'PENDING','SUCCESS',279.22,'2025-03-07 03:23:19','',NULL),(45,14,'DELIVERED','FAILED',1211.70,'2023-10-22 10:50:39','',NULL),(46,80,'PENDING','FAILED',1890.06,'2023-07-07 15:53:53','',NULL),(47,30,'PENDING','SUCCESS',841.84,'2023-09-27 17:04:51','',NULL),(48,2,'DELIVERED','FAILED',221.57,'2023-11-27 12:33:49','',NULL),(49,59,'PENDING','SUCCESS',1384.33,'2024-03-08 13:39:09','',NULL),(50,84,'CANCELLED','FAILED',279.09,'2023-12-06 12:32:21','',NULL),(51,53,'DELIVERED','FAILED',1969.58,'2023-06-08 03:53:08','',NULL),(52,92,'CANCELLED','SUCCESS',653.49,'2023-05-28 04:20:00','',NULL),(53,77,'DELIVERED','FAILED',1420.22,'2023-07-26 12:02:35','',NULL),(54,43,'PENDING','FAILED',1960.44,'2025-01-18 23:07:24','',NULL),(55,9,'DELIVERED','SUCCESS',1295.36,'2025-06-27 19:45:25','',NULL),(56,58,'DELIVERED','SUCCESS',1106.16,'2023-01-21 15:32:59','',NULL),(57,30,'PENDING','SUCCESS',755.93,'2024-10-27 15:33:30','',NULL),(58,97,'PENDING','SUCCESS',307.86,'2024-08-04 19:15:10','',NULL),(59,64,'DELIVERED','SUCCESS',473.01,'2023-11-14 12:02:14','',NULL),(60,83,'PENDING','SUCCESS',1862.14,'2025-07-18 01:51:32','',NULL),(61,57,'CANCELLED','FAILED',441.68,'2024-05-08 06:41:57','',NULL),(62,83,'PENDING','FAILED',1366.48,'2024-03-24 02:23:08','',NULL),(63,97,'PENDING','SUCCESS',1724.48,'2024-05-29 14:39:03','',NULL),(64,44,'PENDING','SUCCESS',1170.76,'2024-01-21 18:42:48','',NULL),(65,88,'CANCELLED','SUCCESS',1294.51,'2024-08-15 14:49:33','',NULL),(66,67,'DELIVERED','SUCCESS',996.25,'2023-01-10 09:17:12','',NULL),(67,9,'DELIVERED','SUCCESS',1916.59,'2023-03-22 22:41:04','',NULL),(68,82,'PENDING','SUCCESS',426.01,'2023-09-27 19:06:14','',NULL),(69,76,'CANCELLED','SUCCESS',625.36,'2023-05-02 10:11:03','',NULL),(70,55,'CANCELLED','FAILED',760.63,'2023-11-03 20:41:08','',NULL),(71,32,'DELIVERED','SUCCESS',1290.53,'2024-04-15 20:24:48','',NULL),(72,37,'CANCELLED','FAILED',1941.91,'2023-11-09 20:46:25','',NULL),(73,35,'DELIVERED','SUCCESS',1911.82,'2024-07-12 14:11:10','',NULL),(74,51,'DELIVERED','SUCCESS',1047.28,'2024-10-18 15:17:45','',NULL),(75,65,'CANCELLED','FAILED',1568.58,'2025-01-18 18:17:22','',NULL),(76,3,'DELIVERED','FAILED',1737.28,'2024-04-11 09:26:36','',NULL),(77,77,'CANCELLED','SUCCESS',1195.13,'2023-09-30 22:32:43','',NULL),(78,33,'DELIVERED','FAILED',750.53,'2024-03-15 23:25:16','',NULL),(79,49,'CANCELLED','FAILED',329.49,'2023-08-01 06:55:04','',NULL),(80,92,'DELIVERED','SUCCESS',478.50,'2023-10-22 13:45:46','',NULL),(81,1,'PENDING','FAILED',1084.62,'2024-10-07 22:53:57','',NULL),(82,51,'CANCELLED','FAILED',891.27,'2024-04-23 04:01:09','',NULL),(83,83,'CANCELLED','SUCCESS',935.82,'2023-03-02 07:34:17','',NULL),(84,16,'DELIVERED','SUCCESS',549.61,'2024-11-08 18:21:58','',NULL),(85,33,'CANCELLED','FAILED',1117.30,'2025-01-29 01:08:33','',NULL),(86,82,'CANCELLED','FAILED',1453.62,'2024-08-21 14:15:40','',NULL),(87,55,'CANCELLED','SUCCESS',636.24,'2023-02-23 14:32:07','',NULL),(88,47,'CANCELLED','SUCCESS',1455.45,'2023-08-18 17:31:32','',NULL),(89,34,'CANCELLED','FAILED',1899.68,'2023-08-17 22:15:16','',NULL),(90,33,'PENDING','SUCCESS',222.21,'2023-05-24 09:24:35','',NULL),(91,83,'CANCELLED','FAILED',915.80,'2025-06-29 13:38:40','',NULL),(92,11,'CANCELLED','SUCCESS',1776.81,'2023-09-15 14:21:07','',NULL),(93,55,'DELIVERED','FAILED',1101.16,'2025-04-08 07:11:08','',NULL),(94,85,'DELIVERED','FAILED',1521.08,'2023-05-19 01:26:31','',NULL),(95,14,'CANCELLED','FAILED',1665.61,'2024-02-22 21:50:32','',NULL),(96,96,'PENDING','FAILED',1458.22,'2023-01-10 23:21:58','',NULL),(97,22,'DELIVERED','SUCCESS',374.37,'2024-10-11 02:11:22','',NULL),(98,68,'DELIVERED','FAILED',1519.48,'2023-09-23 01:42:22','',NULL),(99,23,'DELIVERED','SUCCESS',1467.28,'2023-11-04 14:44:25','',NULL),(100,63,'PENDING','SUCCESS',1011.19,'2023-11-27 05:18:35','',NULL),(101,24,'PENDING','SUCCESS',1549.85,'2023-10-26 01:59:06','',NULL),(102,34,'DELIVERED','FAILED',1328.31,'2023-06-19 15:06:04','',NULL),(103,82,'PENDING','SUCCESS',727.63,'2024-08-09 18:44:26','',NULL),(104,16,'DELIVERED','SUCCESS',815.87,'2025-06-28 18:28:49','',NULL),(105,31,'DELIVERED','FAILED',1411.05,'2023-06-06 14:26:14','',NULL),(106,2,'PENDING','FAILED',1553.24,'2023-01-12 05:25:45','',NULL),(107,86,'CANCELLED','SUCCESS',374.32,'2025-03-22 10:02:35','',NULL),(108,1,'DELIVERED','FAILED',1877.83,'2025-01-05 03:21:34','',NULL),(109,97,'DELIVERED','FAILED',805.79,'2024-06-16 22:51:15','',NULL),(110,41,'PENDING','FAILED',1397.14,'2024-08-10 21:06:19','',NULL),(111,79,'PENDING','FAILED',1771.54,'2023-06-05 14:52:58','',NULL),(112,1,'DELIVERED','FAILED',1505.40,'2023-08-04 17:11:20','',NULL),(113,4,'CANCELLED','SUCCESS',1764.21,'2024-03-10 03:18:16','',NULL),(114,90,'PENDING','FAILED',1013.45,'2025-01-08 04:43:07','',NULL),(115,66,'DELIVERED','SUCCESS',205.63,'2024-05-15 11:52:27','',NULL),(116,3,'CANCELLED','FAILED',1772.18,'2024-05-20 16:27:32','',NULL),(117,87,'DELIVERED','SUCCESS',1292.17,'2024-09-13 15:14:22','',NULL),(118,95,'CANCELLED','SUCCESS',827.00,'2025-01-09 15:06:41','',NULL),(119,85,'CANCELLED','SUCCESS',1521.70,'2024-04-01 12:00:20','',NULL),(120,78,'PENDING','SUCCESS',1765.75,'2025-06-07 09:42:08','',NULL),(121,92,'CANCELLED','SUCCESS',430.15,'2023-05-16 06:56:47','',NULL),(122,39,'CANCELLED','FAILED',502.50,'2024-11-24 06:46:26','',NULL),(123,15,'DELIVERED','SUCCESS',638.04,'2023-09-22 18:12:11','',NULL),(124,97,'CANCELLED','SUCCESS',389.85,'2023-02-15 09:28:01','',NULL),(125,21,'DELIVERED','FAILED',1579.36,'2023-12-09 08:12:50','',NULL),(126,93,'DELIVERED','FAILED',1912.71,'2023-07-11 05:25:48','',NULL),(127,86,'PENDING','FAILED',362.80,'2024-05-31 23:43:29','',NULL),(128,29,'CANCELLED','SUCCESS',1359.18,'2024-08-08 15:57:48','',NULL),(129,92,'CANCELLED','FAILED',1377.06,'2025-05-22 21:08:53','',NULL),(130,56,'PENDING','SUCCESS',666.37,'2024-03-28 00:23:25','',NULL),(131,12,'PENDING','SUCCESS',812.43,'2025-07-08 22:50:03','',NULL),(132,25,'CANCELLED','SUCCESS',1231.11,'2023-07-17 22:28:02','',NULL),(133,41,'DELIVERED','SUCCESS',759.44,'2025-07-05 15:01:23','',NULL),(134,69,'PENDING','FAILED',1963.73,'2024-05-11 13:09:15','',NULL),(135,99,'DELIVERED','SUCCESS',1135.55,'2025-07-23 13:55:52','',NULL),(136,76,'PENDING','SUCCESS',911.56,'2025-04-16 05:00:55','',NULL),(137,59,'DELIVERED','SUCCESS',1669.07,'2024-04-06 02:23:02','',NULL),(138,29,'DELIVERED','FAILED',465.37,'2024-03-16 05:39:01','',NULL),(139,19,'CANCELLED','SUCCESS',1277.98,'2024-04-24 20:18:25','',NULL),(140,65,'CANCELLED','SUCCESS',692.21,'2025-06-10 15:13:31','',NULL),(141,62,'CANCELLED','SUCCESS',1091.05,'2024-08-08 04:42:56','',NULL),(142,8,'DELIVERED','SUCCESS',1690.19,'2023-11-24 04:13:29','',NULL),(143,94,'PENDING','SUCCESS',1861.68,'2023-10-06 02:21:28','',NULL),(144,63,'CANCELLED','FAILED',738.38,'2023-09-05 07:09:12','',NULL),(145,3,'CANCELLED','FAILED',807.34,'2025-01-05 10:26:13','',NULL),(146,45,'DELIVERED','FAILED',329.28,'2024-03-15 16:29:28','',NULL),(147,37,'CANCELLED','SUCCESS',1462.00,'2025-05-01 07:17:41','',NULL),(148,51,'PENDING','SUCCESS',782.15,'2025-06-20 14:16:18','',NULL),(149,7,'CANCELLED','FAILED',1023.56,'2023-09-12 06:58:19','',NULL),(150,74,'PENDING','FAILED',1452.72,'2024-03-28 04:18:26','',NULL),(151,19,'PENDING','SUCCESS',1647.85,'2023-10-31 22:32:58','',NULL),(152,95,'CANCELLED','SUCCESS',852.01,'2025-06-13 06:59:03','',NULL),(153,14,'CANCELLED','SUCCESS',877.80,'2024-10-25 11:51:16','',NULL),(154,87,'PENDING','SUCCESS',372.89,'2025-01-06 03:22:07','',NULL),(155,23,'PENDING','SUCCESS',1964.50,'2024-06-09 19:39:57','',NULL),(156,76,'DELIVERED','SUCCESS',1328.55,'2024-09-19 13:59:16','',NULL),(157,32,'PENDING','SUCCESS',633.54,'2025-01-29 01:17:37','',NULL),(158,39,'CANCELLED','SUCCESS',1375.03,'2024-08-06 02:52:08','',NULL),(159,100,'CANCELLED','SUCCESS',1599.92,'2024-08-16 13:45:17','',NULL),(160,36,'CANCELLED','FAILED',861.18,'2023-07-06 09:56:19','',NULL),(161,15,'PENDING','SUCCESS',1080.59,'2025-03-02 20:48:05','',NULL),(162,29,'PENDING','FAILED',692.70,'2023-05-27 21:12:00','',NULL),(163,76,'PENDING','FAILED',1071.54,'2024-11-04 15:53:07','',NULL),(164,39,'CANCELLED','SUCCESS',378.99,'2023-04-09 15:23:17','',NULL),(165,92,'CANCELLED','SUCCESS',929.59,'2023-01-31 16:11:55','',NULL),(166,51,'CANCELLED','FAILED',315.08,'2025-06-27 07:59:56','',NULL),(167,69,'CANCELLED','SUCCESS',1556.31,'2023-11-19 06:48:35','',NULL),(168,85,'PENDING','SUCCESS',1751.61,'2023-10-07 12:33:30','',NULL),(169,1,'CANCELLED','FAILED',1640.92,'2023-07-11 03:27:41','',NULL),(170,6,'PENDING','SUCCESS',1374.75,'2023-05-17 10:12:05','',NULL),(171,72,'DELIVERED','SUCCESS',352.30,'2023-07-13 17:47:28','',NULL),(172,65,'DELIVERED','FAILED',1939.30,'2023-09-24 13:49:51','',NULL),(173,55,'CANCELLED','SUCCESS',647.01,'2023-03-13 17:12:10','',NULL),(174,67,'DELIVERED','FAILED',451.74,'2025-01-31 21:02:01','',NULL),(175,89,'DELIVERED','FAILED',1291.11,'2025-03-04 04:11:16','',NULL),(176,27,'CANCELLED','SUCCESS',1392.71,'2023-03-11 11:51:44','',NULL),(177,31,'PENDING','SUCCESS',455.00,'2023-12-01 07:43:11','',NULL),(178,18,'CANCELLED','SUCCESS',1265.21,'2024-03-06 22:03:43','',NULL),(179,17,'CANCELLED','FAILED',333.85,'2024-02-01 01:52:21','',NULL),(180,34,'DELIVERED','SUCCESS',920.11,'2023-05-10 07:56:12','',NULL),(181,33,'CANCELLED','FAILED',1892.36,'2023-08-11 12:31:17','',NULL),(182,69,'PENDING','SUCCESS',1333.22,'2024-02-23 11:56:53','',NULL),(183,82,'CANCELLED','SUCCESS',1486.00,'2025-05-25 14:06:09','',NULL),(184,85,'CANCELLED','SUCCESS',955.44,'2023-08-27 10:34:28','',NULL),(185,41,'DELIVERED','FAILED',246.64,'2025-07-26 16:06:33','',NULL),(186,32,'PENDING','FAILED',424.32,'2023-06-20 20:43:45','',NULL),(187,88,'CANCELLED','FAILED',318.73,'2023-05-19 05:11:49','',NULL),(188,47,'DELIVERED','FAILED',463.39,'2023-12-17 17:08:48','',NULL),(189,36,'PENDING','SUCCESS',878.88,'2023-12-12 05:10:11','',NULL),(190,49,'PENDING','SUCCESS',516.32,'2024-04-21 04:59:44','',NULL),(191,76,'DELIVERED','SUCCESS',1152.13,'2025-06-07 19:35:56','',NULL),(192,37,'CANCELLED','FAILED',1293.44,'2023-03-16 12:12:03','',NULL),(193,22,'DELIVERED','FAILED',525.21,'2025-04-05 22:32:48','',NULL),(194,71,'CANCELLED','FAILED',1058.35,'2023-07-18 04:14:11','',NULL),(195,34,'PENDING','SUCCESS',1383.61,'2023-08-10 15:07:42','',NULL),(196,49,'CANCELLED','FAILED',295.16,'2024-07-29 00:13:05','',NULL),(197,91,'PENDING','FAILED',1472.22,'2023-10-12 10:37:53','',NULL),(198,57,'DELIVERED','FAILED',1104.01,'2024-03-04 11:25:32','',NULL),(199,55,'CANCELLED','SUCCESS',749.34,'2023-05-16 01:26:35','',NULL),(200,40,'DELIVERED','FAILED',1721.44,'2023-05-04 11:02:16','',NULL),(201,10,'CANCELLED','SUCCESS',1900.76,'2023-09-14 11:51:48','',NULL),(202,74,'PENDING','SUCCESS',1538.14,'2025-05-10 20:34:25','',NULL),(203,64,'PENDING','FAILED',1418.66,'2023-07-31 22:25:07','',NULL),(204,62,'DELIVERED','SUCCESS',929.85,'2023-10-23 10:34:24','',NULL),(205,96,'PENDING','FAILED',1464.67,'2024-06-20 00:47:33','',NULL),(206,32,'CANCELLED','SUCCESS',1293.27,'2023-09-19 19:20:27','',NULL),(207,87,'CANCELLED','SUCCESS',514.67,'2024-07-24 04:39:02','',NULL),(208,18,'CANCELLED','FAILED',1914.47,'2024-10-18 16:13:42','',NULL),(209,64,'DELIVERED','SUCCESS',871.91,'2023-06-25 21:39:04','',NULL),(210,44,'CANCELLED','SUCCESS',1697.11,'2023-07-03 02:20:26','',NULL),(211,38,'DELIVERED','FAILED',728.38,'2023-11-27 23:40:27','',NULL),(212,1,'CANCELLED','FAILED',591.43,'2024-04-18 12:30:20','',NULL),(213,83,'CANCELLED','SUCCESS',1883.75,'2025-01-28 11:53:35','',NULL),(214,8,'DELIVERED','SUCCESS',1307.95,'2024-05-25 09:17:56','',NULL),(215,39,'DELIVERED','SUCCESS',209.28,'2023-10-17 04:27:44','',NULL),(216,52,'DELIVERED','SUCCESS',382.41,'2025-02-03 08:48:32','',NULL),(217,26,'PENDING','SUCCESS',939.29,'2025-01-27 04:02:32','',NULL),(218,1,'PENDING','FAILED',606.97,'2024-09-06 04:02:43','',NULL),(219,48,'DELIVERED','FAILED',971.01,'2023-10-11 00:14:19','',NULL),(220,69,'DELIVERED','SUCCESS',1980.86,'2024-11-13 12:24:18','',NULL),(221,21,'PENDING','FAILED',1544.76,'2023-01-10 00:37:14','',NULL),(222,46,'CANCELLED','SUCCESS',399.20,'2024-03-18 13:49:59','',NULL),(223,6,'PENDING','FAILED',957.90,'2024-05-29 12:32:04','',NULL),(224,5,'PENDING','SUCCESS',1907.08,'2024-02-17 21:43:41','',NULL),(225,16,'DELIVERED','FAILED',1190.22,'2023-07-17 23:05:00','',NULL),(226,42,'DELIVERED','FAILED',436.55,'2023-06-17 14:02:32','',NULL),(227,3,'PENDING','SUCCESS',819.42,'2023-01-22 04:52:11','',NULL),(228,99,'CANCELLED','SUCCESS',293.67,'2024-06-15 11:56:27','',NULL),(229,55,'CANCELLED','SUCCESS',981.79,'2024-03-25 16:05:53','',NULL),(230,37,'DELIVERED','SUCCESS',1569.62,'2024-01-20 20:41:19','',NULL),(231,80,'PENDING','SUCCESS',649.04,'2023-06-28 16:15:21','',NULL),(232,34,'CANCELLED','SUCCESS',1399.39,'2024-10-28 16:12:16','',NULL),(233,26,'DELIVERED','SUCCESS',1462.06,'2025-02-19 08:22:00','',NULL),(234,79,'PENDING','SUCCESS',1986.59,'2025-07-07 09:23:30','',NULL),(235,81,'CANCELLED','SUCCESS',612.89,'2023-07-25 12:20:43','',NULL),(236,52,'PENDING','FAILED',1982.72,'2023-08-16 03:04:17','',NULL),(237,55,'PENDING','SUCCESS',363.68,'2023-03-21 03:45:13','',NULL),(238,49,'DELIVERED','FAILED',1460.29,'2023-12-26 12:14:53','',NULL),(239,29,'DELIVERED','FAILED',1062.55,'2025-03-03 01:05:46','',NULL),(240,55,'CANCELLED','SUCCESS',747.72,'2024-02-23 06:13:18','',NULL),(241,47,'DELIVERED','FAILED',1480.85,'2024-01-19 15:39:29','',NULL),(242,41,'PENDING','SUCCESS',273.60,'2023-03-22 23:34:15','',NULL),(243,85,'CANCELLED','FAILED',581.56,'2025-01-03 07:36:14','',NULL),(244,36,'CANCELLED','SUCCESS',975.63,'2024-01-27 21:02:52','',NULL),(245,63,'DELIVERED','FAILED',747.84,'2023-05-31 12:13:02','',NULL),(246,86,'PENDING','SUCCESS',796.18,'2024-07-15 09:24:28','',NULL),(247,96,'CANCELLED','FAILED',628.85,'2024-03-04 16:02:52','',NULL),(248,27,'CANCELLED','FAILED',357.02,'2023-06-15 05:35:38','',NULL),(249,17,'CANCELLED','SUCCESS',273.87,'2023-10-23 19:52:45','',NULL),(250,25,'CANCELLED','FAILED',1865.90,'2023-04-27 07:42:49','',NULL),(251,70,'CANCELLED','FAILED',742.66,'2025-01-06 15:24:07','',NULL),(252,98,'PENDING','SUCCESS',278.86,'2023-10-25 19:20:41','',NULL),(253,54,'CANCELLED','FAILED',1804.86,'2025-05-20 11:12:53','',NULL),(254,45,'DELIVERED','FAILED',1333.76,'2023-07-02 10:04:04','',NULL),(255,56,'PENDING','FAILED',954.21,'2025-02-21 17:36:49','',NULL),(256,3,'PENDING','FAILED',1454.07,'2023-07-20 07:01:00','',NULL),(257,38,'PENDING','SUCCESS',1629.90,'2023-10-23 10:49:52','',NULL),(258,95,'DELIVERED','FAILED',1432.45,'2025-03-08 16:12:31','',NULL),(259,10,'PENDING','FAILED',1551.31,'2024-08-19 18:09:56','',NULL),(260,72,'DELIVERED','FAILED',1292.99,'2023-11-18 10:42:29','',NULL),(261,24,'PENDING','SUCCESS',1229.42,'2025-07-08 19:33:48','',NULL),(262,90,'PENDING','FAILED',1106.87,'2025-03-26 16:08:52','',NULL),(263,34,'DELIVERED','SUCCESS',733.45,'2024-02-22 02:57:06','',NULL),(264,71,'PENDING','SUCCESS',603.07,'2025-04-08 20:46:28','',NULL),(265,31,'DELIVERED','SUCCESS',1351.31,'2024-03-07 11:30:46','',NULL),(266,18,'DELIVERED','SUCCESS',1356.34,'2024-01-22 19:41:37','',NULL),(267,27,'CANCELLED','SUCCESS',202.52,'2024-06-23 18:19:06','',NULL),(268,81,'CANCELLED','FAILED',784.21,'2025-05-03 06:27:32','',NULL),(269,34,'CANCELLED','SUCCESS',935.02,'2024-04-03 02:29:42','',NULL),(270,42,'PENDING','SUCCESS',1683.08,'2023-12-07 15:20:08','',NULL),(271,94,'DELIVERED','SUCCESS',660.78,'2023-01-25 07:02:42','',NULL),(272,69,'CANCELLED','SUCCESS',1500.68,'2024-08-16 09:16:58','',NULL),(273,84,'DELIVERED','SUCCESS',1670.32,'2023-12-09 18:01:10','',NULL),(274,42,'DELIVERED','SUCCESS',1246.99,'2024-09-06 07:56:40','',NULL),(275,20,'DELIVERED','SUCCESS',1513.66,'2024-11-05 01:05:50','',NULL),(276,48,'PENDING','FAILED',368.64,'2023-10-09 23:18:55','',NULL),(277,59,'PENDING','SUCCESS',539.95,'2025-01-31 23:51:02','',NULL),(278,94,'PENDING','FAILED',237.89,'2023-09-11 02:02:50','',NULL),(279,23,'DELIVERED','SUCCESS',325.02,'2023-04-22 22:10:11','',NULL),(280,55,'PENDING','FAILED',1836.44,'2024-09-17 06:26:52','',NULL),(281,13,'CANCELLED','SUCCESS',1508.18,'2023-01-19 07:30:29','',NULL),(282,78,'PENDING','FAILED',891.18,'2023-06-20 22:25:16','',NULL),(283,2,'CANCELLED','SUCCESS',437.92,'2023-05-10 20:40:04','',NULL),(284,35,'PENDING','SUCCESS',1626.32,'2023-01-15 14:18:52','',NULL),(285,14,'CANCELLED','FAILED',1734.90,'2023-05-12 23:43:55','',NULL),(286,26,'PENDING','FAILED',1567.41,'2024-11-21 05:40:52','',NULL),(287,21,'DELIVERED','FAILED',1062.04,'2024-01-14 17:51:11','',NULL),(288,8,'CANCELLED','FAILED',1329.47,'2023-07-11 04:35:16','',NULL),(289,3,'PENDING','SUCCESS',1180.36,'2023-06-09 07:56:27','',NULL),(290,66,'DELIVERED','SUCCESS',202.18,'2023-12-15 10:59:07','',NULL),(291,4,'PENDING','FAILED',893.69,'2024-07-02 20:20:53','',NULL),(292,84,'DELIVERED','SUCCESS',1859.04,'2024-08-20 16:17:19','',NULL),(293,88,'CANCELLED','SUCCESS',1085.28,'2023-06-21 02:09:17','',NULL),(294,29,'PENDING','FAILED',843.15,'2024-06-02 10:09:43','',NULL),(295,16,'DELIVERED','SUCCESS',1812.06,'2025-07-28 01:37:53','',NULL),(296,20,'PENDING','FAILED',1154.87,'2025-07-20 11:08:11','',NULL),(297,24,'CANCELLED','FAILED',470.40,'2024-04-13 11:06:43','',NULL),(298,80,'DELIVERED','FAILED',1775.72,'2024-02-26 03:05:23','',NULL),(299,64,'CANCELLED','FAILED',1879.19,'2023-04-29 15:15:39','',NULL),(300,1,'PENDING','SUCCESS',776.46,'2024-08-29 18:36:27','',NULL),(301,58,'CANCELLED','FAILED',1666.37,'2023-06-25 19:03:39','',NULL),(302,74,'DELIVERED','FAILED',460.40,'2024-05-16 20:18:14','',NULL),(303,17,'PENDING','FAILED',834.70,'2025-02-06 17:21:10','',NULL),(304,55,'DELIVERED','FAILED',1283.14,'2024-06-02 00:28:54','',NULL),(305,18,'CANCELLED','SUCCESS',889.73,'2025-05-03 08:51:07','',NULL),(306,64,'CANCELLED','FAILED',1158.45,'2023-12-24 11:17:27','',NULL),(307,50,'PENDING','FAILED',1148.50,'2023-12-07 17:21:49','',NULL),(308,90,'PENDING','SUCCESS',851.08,'2023-11-12 18:48:54','',NULL),(309,3,'DELIVERED','FAILED',1923.71,'2023-06-21 02:55:30','',NULL),(310,8,'DELIVERED','FAILED',1727.75,'2023-08-05 11:19:03','',NULL),(311,38,'DELIVERED','SUCCESS',1703.45,'2025-05-06 17:25:28','',NULL),(312,54,'PENDING','SUCCESS',1690.08,'2023-03-28 18:49:22','',NULL),(313,96,'PENDING','SUCCESS',1931.69,'2023-08-11 06:16:53','',NULL),(314,49,'CANCELLED','SUCCESS',1453.02,'2024-10-21 18:17:22','',NULL),(315,48,'PENDING','SUCCESS',1392.95,'2023-04-25 14:21:21','',NULL),(316,62,'CANCELLED','SUCCESS',254.33,'2024-07-21 09:17:29','',NULL),(317,19,'PENDING','SUCCESS',338.72,'2025-06-03 04:41:09','',NULL),(318,54,'PENDING','SUCCESS',1045.58,'2023-08-06 15:46:07','',NULL),(319,96,'CANCELLED','FAILED',1046.33,'2024-06-08 00:50:04','',NULL),(320,57,'CANCELLED','SUCCESS',716.18,'2023-08-31 03:54:04','',NULL),(321,8,'CANCELLED','SUCCESS',1287.51,'2023-09-27 15:32:20','',NULL),(322,65,'PENDING','SUCCESS',913.50,'2024-10-20 01:43:36','',NULL),(323,88,'DELIVERED','FAILED',1854.47,'2025-02-18 15:09:38','',NULL),(324,40,'CANCELLED','SUCCESS',962.61,'2023-09-01 13:57:05','',NULL),(325,35,'PENDING','FAILED',1960.27,'2023-07-14 09:18:34','',NULL),(326,96,'PENDING','FAILED',1314.28,'2023-12-07 01:25:21','',NULL),(327,51,'PENDING','SUCCESS',1669.81,'2024-12-28 16:33:48','',NULL),(328,62,'DELIVERED','FAILED',1689.06,'2023-09-14 01:05:51','',NULL),(329,7,'DELIVERED','FAILED',550.52,'2023-06-18 09:28:40','',NULL),(330,14,'PENDING','FAILED',1285.74,'2024-06-05 03:17:24','',NULL),(331,4,'PENDING','FAILED',492.97,'2023-06-15 09:17:09','',NULL),(332,9,'PENDING','SUCCESS',1561.74,'2024-04-25 04:49:59','',NULL),(333,25,'CANCELLED','SUCCESS',1349.10,'2023-02-20 06:43:17','',NULL),(334,31,'DELIVERED','SUCCESS',1957.99,'2025-05-27 09:09:05','',NULL),(335,6,'CANCELLED','FAILED',282.23,'2024-05-03 16:24:12','',NULL),(336,12,'DELIVERED','SUCCESS',1964.97,'2024-03-14 16:42:58','',NULL),(337,51,'CANCELLED','SUCCESS',766.05,'2024-08-29 20:09:48','',NULL),(338,93,'DELIVERED','SUCCESS',1464.78,'2023-06-01 06:35:00','',NULL),(339,43,'DELIVERED','SUCCESS',1103.92,'2023-08-22 07:21:52','',NULL),(340,4,'CANCELLED','FAILED',1058.52,'2023-02-28 02:40:55','',NULL),(341,38,'PENDING','SUCCESS',1428.27,'2023-05-03 08:07:09','',NULL),(342,81,'PENDING','SUCCESS',1791.92,'2023-08-07 19:44:21','',NULL),(343,99,'CANCELLED','SUCCESS',1988.15,'2025-02-18 05:44:45','',NULL),(344,67,'CANCELLED','FAILED',1005.46,'2023-07-23 19:24:00','',NULL),(345,44,'DELIVERED','FAILED',1322.25,'2024-10-31 09:10:13','',NULL),(346,6,'CANCELLED','FAILED',630.40,'2025-07-31 18:00:58','',NULL),(347,10,'PENDING','FAILED',375.33,'2023-01-24 05:04:08','',NULL),(348,19,'DELIVERED','SUCCESS',1098.04,'2024-12-07 12:27:57','',NULL),(349,41,'PENDING','FAILED',490.65,'2024-03-11 03:31:50','',NULL),(350,74,'DELIVERED','FAILED',360.61,'2023-10-06 08:32:51','',NULL),(351,91,'DELIVERED','FAILED',1975.06,'2024-02-02 17:21:08','',NULL),(352,98,'DELIVERED','SUCCESS',1891.69,'2025-06-02 11:55:11','',NULL),(353,63,'PENDING','FAILED',1746.21,'2024-09-14 20:05:50','',NULL),(354,53,'CANCELLED','SUCCESS',993.49,'2025-03-07 02:36:40','',NULL),(355,80,'DELIVERED','FAILED',350.28,'2024-10-03 20:59:51','',NULL),(356,65,'DELIVERED','FAILED',1779.34,'2023-03-08 07:03:38','',NULL),(357,80,'CANCELLED','SUCCESS',1533.88,'2024-01-16 07:25:52','',NULL),(358,90,'CANCELLED','SUCCESS',478.21,'2023-06-13 13:47:39','',NULL),(359,38,'DELIVERED','SUCCESS',1226.24,'2023-04-24 08:50:32','',NULL),(360,29,'DELIVERED','FAILED',1404.47,'2024-06-26 01:21:00','',NULL),(361,60,'DELIVERED','FAILED',396.41,'2023-10-08 01:04:40','',NULL),(362,94,'PENDING','FAILED',1582.79,'2023-11-06 20:49:04','',NULL),(363,52,'DELIVERED','SUCCESS',771.11,'2025-07-27 20:31:30','',NULL),(364,63,'PENDING','FAILED',405.79,'2024-12-07 03:55:13','',NULL),(365,5,'CANCELLED','SUCCESS',1907.36,'2023-08-15 01:08:51','',NULL),(366,82,'PENDING','FAILED',1222.77,'2025-07-22 17:47:24','',NULL),(367,100,'DELIVERED','SUCCESS',1885.63,'2024-07-15 13:25:36','',NULL),(368,56,'DELIVERED','SUCCESS',297.34,'2023-02-05 15:22:01','',NULL),(369,98,'CANCELLED','FAILED',685.73,'2023-10-01 13:41:36','',NULL),(370,11,'PENDING','SUCCESS',693.03,'2023-05-07 22:20:11','',NULL),(371,39,'CANCELLED','FAILED',1768.32,'2025-03-26 05:08:23','',NULL),(372,28,'CANCELLED','FAILED',531.34,'2023-03-25 11:39:27','',NULL),(373,12,'DELIVERED','FAILED',1934.06,'2024-04-06 05:25:12','',NULL),(374,22,'PENDING','FAILED',1895.49,'2025-01-18 04:17:27','',NULL),(375,61,'CANCELLED','SUCCESS',1938.06,'2024-11-09 12:29:14','',NULL),(376,46,'CANCELLED','FAILED',1681.43,'2025-05-21 08:10:56','',NULL),(377,77,'PENDING','SUCCESS',1500.90,'2025-06-17 15:38:47','',NULL),(378,79,'PENDING','FAILED',1395.31,'2024-05-06 16:32:43','',NULL),(379,2,'PENDING','FAILED',1880.87,'2025-02-14 20:41:02','',NULL),(380,41,'PENDING','FAILED',673.04,'2023-01-06 17:05:03','',NULL),(381,58,'PENDING','FAILED',1350.05,'2025-06-17 11:27:29','',NULL),(382,13,'PENDING','SUCCESS',1542.27,'2023-10-19 12:21:28','',NULL),(383,54,'CANCELLED','SUCCESS',1281.70,'2023-12-02 18:10:55','',NULL),(384,45,'PENDING','SUCCESS',1949.14,'2025-06-15 02:01:14','',NULL),(385,2,'DELIVERED','FAILED',229.14,'2024-04-21 20:30:01','',NULL),(386,65,'PENDING','FAILED',1368.04,'2024-12-09 08:49:06','',NULL),(387,53,'DELIVERED','FAILED',833.98,'2025-04-22 16:38:10','',NULL),(388,55,'CANCELLED','FAILED',404.08,'2023-10-01 02:48:49','',NULL),(389,59,'DELIVERED','FAILED',518.41,'2025-07-13 03:10:27','',NULL),(390,21,'CANCELLED','FAILED',886.81,'2024-11-10 14:56:46','',NULL),(391,82,'DELIVERED','SUCCESS',1991.65,'2023-06-11 06:23:36','',NULL),(392,12,'CANCELLED','SUCCESS',1309.27,'2024-09-30 21:37:02','',NULL),(393,14,'DELIVERED','SUCCESS',1340.35,'2025-02-20 22:40:39','',NULL),(394,75,'PENDING','FAILED',1733.07,'2023-11-26 03:07:41','',NULL),(395,29,'DELIVERED','FAILED',406.10,'2024-12-30 10:59:47','',NULL),(396,16,'DELIVERED','FAILED',943.28,'2024-09-06 20:48:45','',NULL),(397,1,'DELIVERED','SUCCESS',1113.61,'2024-02-20 17:11:30','',NULL),(398,85,'DELIVERED','FAILED',1709.27,'2024-10-06 05:45:09','',NULL),(399,87,'PENDING','SUCCESS',1820.34,'2024-10-05 23:47:33','',NULL),(400,5,'PENDING','SUCCESS',476.08,'2024-08-04 14:51:27','',NULL),(401,109,'PENDING','PENDING',0.00,'2025-10-26 12:26:01','DUMMY_SIGNATURE',NULL);
/*!40000 ALTER TABLE `eci_orders` ENABLE KEYS */;
UNLOCK TABLES;

--
-- Table structure for table `idempotency_keys`
--

DROP TABLE IF EXISTS `idempotency_keys`;
/*!40101 SET @saved_cs_client     = @@character_set_client */;
/*!50503 SET character_set_client = utf8mb4 */;
CREATE TABLE `idempotency_keys` (
  `key` varchar(255) NOT NULL,
  `resource_path` varchar(255) NOT NULL,
  `request_hash` varchar(255) NOT NULL,
  `response_code` smallint DEFAULT NULL,
  `response_body` json DEFAULT NULL,
  `created_at` timestamp NULL DEFAULT CURRENT_TIMESTAMP,
  PRIMARY KEY (`key`)
) ENGINE=InnoDB DEFAULT CHARSET=utf8mb4 COLLATE=utf8mb4_0900_ai_ci;
/*!40101 SET character_set_client = @saved_cs_client */;

--
-- Dumping data for table `idempotency_keys`
--

LOCK TABLES `idempotency_keys` WRITE;
/*!40000 ALTER TABLE `idempotency_keys` DISABLE KEYS */;
INSERT INTO `idempotency_keys` VALUES ('SUCCESS-TEST-001','/v1/orders/','3a39e5388a6d1eacc37e16e823610131916124ac6dcf61f24927a08873cfa974',400,'{\"error\": \"ORDER_CREATION_FAILED\", \"message\": \"\\nInvalid `tx.order.create()` invocation in\\nC:\\\\Users\\\\Vaishnavi\\\\Documents\\\\GitHub\\\\Saclable Services\\\\order_service\\\\src\\\\controllers\\\\orderController.js:93:45\\n\\n  90 order = await prisma.$transaction(async (tx) => {\\n  91     \\n  92     // Create the main Order record\\n 93     const newOrder = await tx.order.create({\\n           data: {\\n             customer_id: 99,\\n             order_status: \\\"PENDING\\\",\\n             payment_status: \\\"PENDING\\\",\\n             order_total: 0,\\n             totals_signature: \\\"DUMMY_SIGNATURE\\\",\\n             items: {\\n               createMany: {\\n                 data: [\\n                   {\\n                     product_id: 101,\\n                     sku: \\\"P001\\\",\\n                     quantity: 2,\\n                     unit_price: 10,\\n                     line_status: \\\"PENDING\\\",\\n                     tax_rate: 0.05\\n                   },\\n                   {\\n                     product_id: 102,\\n                     sku: \\\"P002\\\",\\n                     quantity: 1,\\n                     unit_price: 10,\\n                     line_status: \\\"PENDING\\\",\\n                     tax_rate: 0.05\\n                   }\\n                 ]\\n               }\\n             },\\n         +   order_id: Int\\n           }\\n         })\\n\\nArgument `order_id` is missing.\"}','2025-10-26 01:13:07'),('SUCCESS-TEST-002','/v1/orders/','c4218ecf3e20aadc9215263febf5d5b3688a5a061245cf16d7c47b92d8e2ba06',400,'{\"error\": \"ORDER_CREATION_FAILED\", \"message\": \"\\nInvalid `tx.order.create()` invocation in\\nC:\\\\Users\\\\Vaishnavi\\\\Documents\\\\GitHub\\\\Saclable Services\\\\order_service\\\\src\\\\controllers\\\\orderController.js:93:45\\n\\n  90 order = await prisma.$transaction(async (tx) => {\\n  91     \\n  92     // Create the main Order record\\n 93     const newOrder = await tx.order.create({\\n           data: {\\n             customer_id: 100,\\n             order_status: \\\"PENDING\\\",\\n             payment_status: \\\"PENDING\\\",\\n             order_total: 0,\\n             totals_signature: \\\"DUMMY_SIGNATURE\\\",\\n             items: {\\n               createMany: {\\n                 data: [\\n                   {\\n                     product_id: 101,\\n                     sku: \\\"P001\\\",\\n                     quantity: 2,\\n                     unit_price: 10,\\n                     line_status: \\\"PENDING\\\",\\n                     tax_rate: 0.05\\n                   },\\n                   {\\n                     product_id: 102,\\n                     sku: \\\"P002\\\",\\n                     quantity: 1,\\n                     unit_price: 10,\\n                     line_status: \\\"PENDING\\\",\\n                     tax_rate: 0.05\\n                   }\\n                 ]\\n               }\\n             },\\n         +   order_id: Int\\n           }\\n         })\\n\\nArgument `order_id` is missing.\"}','2025-10-26 02:08:41'),('SUCCESS-TEST-003','/v1/orders/','fb71b69125f85b774c92b30b017d8b5acca765394c15dc856cbacbdfd24fdc4b',400,'{\"error\": \"ORDER_CREATION_FAILED\", \"message\": \"\\nInvalid `tx.order.create()` invocation in\\nC:\\\\Users\\\\Vaishnavi\\\\Documents\\\\GitHub\\\\Saclable Services\\\\order_service\\\\src\\\\controllers\\\\orderController.js:93:45\\n\\n  90 order = await prisma.$transaction(async (tx) => {\\n  91     \\n  92     // Create the main Order record\\n 93     const newOrder = await tx.order.create({\\n           data: {\\n             customer_id: 101,\\n             order_status: \\\"PENDING\\\",\\n             payment_status: \\\"PENDING\\\",\\n             order_total: 0,\\n             totals_signature: \\\"DUMMY_SIGNATURE\\\",\\n             items: {\\n               createMany: {\\n                 data: [\\n                   {\\n                     product_id: 101,\\n                     sku: \\\"P001\\\",\\n                     quantity: 2,\\n                     unit_price: 10,\\n                     line_status: \\\"PENDING\\\",\\n                     tax_rate: 0.05\\n                   },\\n                   {\\n                     product_id: 102,\\n                     sku: \\\"P002\\\",\\n                     quantity: 1,\\n                     unit_price: 10,\\n                     line_status: \\\"PENDING\\\",\\n                     tax_rate: 0.05\\n                   }\\n                 ]\\n               }\\n             }\\n           }\\n         })\\n\\nArgument `order_item_id` is missing.\"}','2025-10-26 02:17:48'),('SUCCESS-TEST-004','/v1/orders/','ee2c4d38d2d75f01c757f3bc1f909f16b10e2ce5e9d20941935b86d6785bcdda',400,'{\"error\": \"P2011\", \"message\": \"\\nInvalid `tx.order.create()` invocation in\\nC:\\\\Users\\\\Vaishnavi\\\\Documents\\\\GitHub\\\\Saclable Services\\\\order_service\\\\src\\\\controllers\\\\orderController.js:93:45\\n\\n  90 order = await prisma.$transaction(async (tx) => {\\n  91     \\n  92     // Create the main Order record\\n 93     const newOrder = await tx.order.create(\\nNull constraint violation on the fields: (`order_id`)\"}','2025-10-26 02:22:18'),('SUCCESS-TEST-005','/v1/orders/','bb2f018c7438ee116568b71a89ac91d934d2e3674cbcf279acd1c94b4938d3f1',400,'{\"error\": \"ORDER_CREATION_FAILED\", \"message\": \"\\nInvalid `tx.order.create()` invocation in\\nC:\\\\Users\\\\Vaishnavi\\\\Documents\\\\GitHub\\\\Saclable Services\\\\order_service\\\\src\\\\controllers\\\\orderController.js:93:45\\n\\n  90 order = await prisma.$transaction(async (tx) => {\\n  91     \\n  92     // Create the main Order record\\n 93     const newOrder = await tx.order.create({\\n           data: {\\n             customer_id: 103,\\n             order_status: \\\"PENDING\\\",\\n             payment_status: \\\"PENDING\\\",\\n             order_total: 0,\\n             totals_signature: \\\"DUMMY_SIGNATURE\\\",\\n             items: {\\n               create: {\\n                 data: [\\n                   {\\n                     product_id: 101,\\n                     sku: \\\"P001\\\",\\n                     quantity: 2,\\n                     unit_price: 10,\\n                     line_status: \\\"PENDING\\\",\\n                     tax_rate: 0.05\\n                   },\\n                   {\\n                     product_id: 102,\\n                     sku: \\\"P002\\\",\\n                     quantity: 1,\\n                     unit_price: 10,\\n                     line_status: \\\"PENDING\\\",\\n                     tax_rate: 0.05\\n                   }\\n                 ],\\n         +       unit_price: Decimal\\n               }\\n             }\\n           }\\n         })\\n\\nArgument `unit_price` is missing.\"}','2025-10-26 02:25:04'),('SUCCESS-TEST-006','/v1/orders/','38f2554856710e77dff668f4f1f0d30c7463809fb2c64bde78b8a5b5c20794cf',400,'{\"error\": \"P2011\", \"message\": \"\\nInvalid `tx.order.create()` invocation in\\nC:\\\\Users\\\\Vaishnavi\\\\Documents\\\\GitHub\\\\Saclable Services\\\\order_service\\\\src\\\\controllers\\\\orderController.js:91:37\\n\\n  88     \\n  89     // Use a Prisma transaction to ensure atomicity of your DB changes\\n  90     order = await prisma.$transaction(async (tx) => {\\n 91 const newOrder = await tx.order.create(\\nNull constraint violation on the fields: (`order_id`)\"}','2025-10-26 02:31:12'),('SUCCESS-TEST-007','/v1/orders/','fb0d3a0ad59dd6afd68c7da2c4b3ab594c2be4fff69f7a20a25a8cafd3793888',400,'{\"error\": \"P2011\", \"message\": \"\\nInvalid `tx.order.create()` invocation in\\nC:\\\\Users\\\\Vaishnavi\\\\Documents\\\\GitHub\\\\Saclable Services\\\\order_service\\\\src\\\\controllers\\\\orderController.js:91:37\\n\\n  88     \\n  89     // Use a Prisma transaction to ensure atomicity of your DB changes\\n  90     order = await prisma.$transaction(async (tx) => {\\n 91 const newOrder = await tx.order.create(\\nNull constraint violation on the fields: (`order_id`)\"}','2025-10-26 02:33:31'),('SUCCESS-TEST-008','/v1/orders/','7d52c20a2859d1bd4022fce0c97be4c55235e4a91fda24e02734be092e40a7d3',400,'{\"error\": \"ORDER_CREATION_FAILED\", \"message\": \"\\nInvalid `tx.order.create()` invocation in\\nC:\\\\Users\\\\Vaishnavi\\\\Documents\\\\GitHub\\\\Saclable Services\\\\order_service\\\\src\\\\controllers\\\\orderController.js:91:37\\n\\n  88     \\n  89     // Use a Prisma transaction to ensure atomicity of your DB changes\\n  90     order = await prisma.$transaction(async (tx) => {\\n 91 const newOrder = await tx.order.create({\\n       data: {\\n         customer_id: 108,\\n         order_status: \\\"PENDING\\\",\\n         payment_status: \\\"PENDING\\\",\\n         order_total: 0,\\n         totals_signature: \\\"DUMMY_SIGNATURE\\\",\\n         items: {\\n           create: [\\n             {\\n               product_id: 101,\\n               sku: \\\"P001\\\",\\n               quantity: 2,\\n               unit_price: 10,\\n               line_status: \\\"PENDING\\\",\\n               tax_rate: 0.05\\n             },\\n             {\\n               product_id: 102,\\n               sku: \\\"P002\\\",\\n               quantity: 1,\\n               unit_price: 10,\\n               line_status: \\\"PENDING\\\",\\n               tax_rate: 0.05\\n             }\\n           ]\\n         },\\n     +   order_id: Int\\n       }\\n     })\\n\\nArgument `order_id` is missing.\"}','2025-10-26 02:41:00'),('SUCCESS-TEST-01','/v1/orders/','4036260b244ae9bcd8f09319475f95138e54fc24ec585c3dd3e2830d000481c3',400,'{\"error\": \"P2011\", \"message\": \"\\nInvalid `tx.order.create()` invocation in\\nC:\\\\Users\\\\Vaishnavi\\\\Documents\\\\GitHub\\\\Saclable Services\\\\order_service\\\\src\\\\controllers\\\\orderController.js:91:37\\n\\n  88     \\n  89     // Use a Prisma transaction to ensure atomicity of your DB changes\\n  90     order = await prisma.$transaction(async (tx) => {\\n 91 const newOrder = await tx.order.create(\\nNull constraint violation on the fields: (`order_id`)\"}','2025-10-26 04:56:41'),('SUCCESS-TEST-010','/v1/orders/','4036260b244ae9bcd8f09319475f95138e54fc24ec585c3dd3e2830d000481c3',400,'{\"error\": \"ORDER_CREATION_FAILED\", \"message\": \"\\nInvalid `tx.order.create()` invocation in\\nC:\\\\Users\\\\Vaishnavi\\\\Documents\\\\GitHub\\\\Saclable Services\\\\order_service\\\\src\\\\controllers\\\\orderController.js:91:37\\n\\n  88     \\n  89     // Use a Prisma transaction to ensure atomicity of your DB changes\\n  90     order = await prisma.$transaction(async (tx) => {\\n 91 const newOrder = await tx.order.create({\\n       data: {\\n         customer_id: 109,\\n         order_status: \\\"PENDING\\\",\\n         payment_status: \\\"PENDING\\\",\\n         order_total: 0,\\n         totals_signature: \\\"DUMMY_SIGNATURE\\\",\\n         items: {\\n           create: [\\n             {\\n               product_id: 101,\\n               sku: \\\"P001\\\",\\n               quantity: 2,\\n               unit_price: 10,\\n               line_status: \\\"PENDING\\\",\\n               tax_rate: 0.05\\n             },\\n             {\\n               product_id: 102,\\n               sku: \\\"P002\\\",\\n               quantity: 1,\\n               unit_price: 10,\\n               line_status: \\\"PENDING\\\",\\n               tax_rate: 0.05\\n             }\\n           ]\\n         },\\n     +   order_id: Int\\n       }\\n     })\\n\\nArgument `order_id` is missing.\"}','2025-10-26 04:40:07'),('SUCCESS-TEST-011','/v1/orders/','4036260b244ae9bcd8f09319475f95138e54fc24ec585c3dd3e2830d000481c3',400,'{\"error\": \"ORDER_CREATION_FAILED\", \"message\": \"\\nInvalid `tx.order.create()` invocation in\\nC:\\\\Users\\\\Vaishnavi\\\\Documents\\\\GitHub\\\\Saclable Services\\\\order_service\\\\src\\\\controllers\\\\orderController.js:91:37\\n\\n  88     \\n  89     // Use a Prisma transaction to ensure atomicity of your DB changes\\n  90     order = await prisma.$transaction(async (tx) => {\\n 91 const newOrder = await tx.order.create({\\n       data: {\\n         customer_id: 109,\\n         order_status: \\\"PENDING\\\",\\n         payment_status: \\\"PENDING\\\",\\n         order_total: 0,\\n         totals_signature: \\\"DUMMY_SIGNATURE\\\",\\n         items: {\\n           create: [\\n             {\\n               product_id: 101,\\n               sku: \\\"P001\\\",\\n               quantity: 2,\\n               unit_price: 10,\\n               line_status: \\\"PENDING\\\",\\n               tax_rate: 0.05\\n             },\\n             {\\n               product_id: 102,\\n               sku: \\\"P002\\\",\\n               quantity: 1,\\n               unit_price: 10,\\n               line_status: \\\"PENDING\\\",\\n               tax_rate: 0.05\\n             }\\n           ]\\n         },\\n     +   order_id: Int\\n       }\\n     })\\n\\nArgument `order_id` is missing.\"}','2025-10-26 04:46:24'),('SUCCESS-TEST-013','/v1/orders/','4036260b244ae9bcd8f09319475f95138e54fc24ec585c3dd3e2830d000481c3',400,'{\"error\": \"ORDER_CREATION_FAILED\", \"message\": \"\\nInvalid `tx.order.create()` invocation in\\nC:\\\\Users\\\\Vaishnavi\\\\Documents\\\\GitHub\\\\Saclable Services\\\\order_service\\\\src\\\\controllers\\\\orderController.js:91:37\\n\\n  88     \\n  89     // Use a Prisma transaction to ensure atomicity of your DB changes\\n  90     order = await prisma.$transaction(async (tx) => {\\n 91 const newOrder = await tx.order.create({\\n       data: {\\n         customer_id: 109,\\n         order_status: \\\"PENDING\\\",\\n         payment_status: \\\"PENDING\\\",\\n         order_total: 0,\\n         totals_signature: \\\"DUMMY_SIGNATURE\\\",\\n         items: {\\n           create: [\\n             {\\n               product_id: 101,\\n               sku: \\\"P001\\\",\\n               quantity: 2,\\n               unit_price: 10,\\n               line_status: \\\"PENDING\\\",\\n               tax_rate: 0.05\\n             },\\n             {\\n               product_id: 102,\\n               sku: \\\"P002\\\",\\n               quantity: 1,\\n               unit_price: 10,\\n               line_status: \\\"PENDING\\\",\\n               tax_rate: 0.05\\n             }\\n           ]\\n         },\\n     +   order_id: Int\\n       }\\n     })\\n\\nArgument `order_id` is missing.\"}','2025-10-26 04:49:07'),('SUCCESS-TEST-018','/v1/orders/','4036260b244ae9bcd8f09319475f95138e54fc24ec585c3dd3e2830d000481c3',400,'{\"error\": \"ORDER_CREATION_FAILED\", \"message\": \"\\nInvalid `tx.order.create()` invocation in\\nC:\\\\Users\\\\Vaishnavi\\\\Documents\\\\GitHub\\\\Saclable Services\\\\order_service\\\\src\\\\controllers\\\\orderController.js:91:37\\n\\n  88     \\n  89     // Use a Prisma transaction to ensure atomicity of your DB changes\\n  90     order = await prisma.$transaction(async (tx) => {\\n 91 const newOrder = await tx.order.create({\\n       data: {\\n         customer_id: 109,\\n         order_status: \\\"PENDING\\\",\\n         payment_status: \\\"PENDING\\\",\\n         order_total: 0,\\n         totals_signature: \\\"DUMMY_SIGNATURE\\\",\\n         items: {\\n           create: [\\n             {\\n               product_id: 101,\\n               sku: \\\"P001\\\",\\n               order_id: undefined,\\n               quantity: 2,\\n               unit_price: 10,\\n               line_status: \\\"PENDING\\\",\\n               tax_rate: 0.05\\n             },\\n             {\\n               product_id: 102,\\n               sku: \\\"P002\\\",\\n               order_id: undefined,\\n               quantity: 1,\\n               unit_price: 10,\\n               line_status: \\\"PENDING\\\",\\n               tax_rate: 0.05\\n             }\\n           ]\\n         },\\n     +   order_id: Int\\n       }\\n     })\\n\\nArgument `order_id` is missing.\"}','2025-10-26 04:50:10'),('SUCCESS-TEST-019','/v1/orders/','4036260b244ae9bcd8f09319475f95138e54fc24ec585c3dd3e2830d000481c3',400,'{\"error\": \"ORDER_CREATION_FAILED\", \"message\": \"\\nInvalid `tx.order.create()` invocation in\\nC:\\\\Users\\\\Vaishnavi\\\\Documents\\\\GitHub\\\\Saclable Services\\\\order_service\\\\src\\\\controllers\\\\orderController.js:91:37\\n\\n  88     \\n  89     // Use a Prisma transaction to ensure atomicity of your DB changes\\n  90     order = await prisma.$transaction(async (tx) => {\\n 91 const newOrder = await tx.order.create({\\n       data: {\\n         customer_id: 109,\\n         order_status: \\\"PENDING\\\",\\n         payment_status: \\\"PENDING\\\",\\n         order_total: 0,\\n         totals_signature: \\\"DUMMY_SIGNATURE\\\",\\n         items: {\\n           create: [\\n             {\\n               product_id: 101,\\n               sku: \\\"P001\\\",\\n               quantity: 2,\\n               unit_price: 10,\\n               line_status: \\\"PENDING\\\",\\n               tax_rate: 0.05\\n             },\\n             {\\n               product_id: 102,\\n               sku: \\\"P002\\\",\\n               quantity: 1,\\n               unit_price: 10,\\n               line_status: \\\"PENDING\\\",\\n               tax_rate: 0.05\\n             }\\n           ]\\n         },\\n     +   order_id: Int\\n       }\\n     })\\n\\nArgument `order_id` is missing.\"}','2025-10-26 04:49:47'),('SUCCESS-TEST-02','/v1/orders/','4036260b244ae9bcd8f09319475f95138e54fc24ec585c3dd3e2830d000481c3',400,'{\"error\": \"ORDER_CREATION_FAILED\", \"message\": \"\\nInvalid `tx.order.create()` invocation in\\nC:\\\\Users\\\\Vaishnavi\\\\Documents\\\\GitHub\\\\Saclable Services\\\\order_service\\\\src\\\\controllers\\\\orderController.js:91:37\\n\\n  88     \\n  89     // Use a Prisma transaction to ensure atomicity of your DB changes\\n  90     order = await prisma.$transaction(async (tx) => {\\n 91 const newOrder = await tx.order.create({\\n       data: {\\n         customer_id: 109,\\n         order_status: \\\"PENDING\\\",\\n         payment_status: \\\"PENDING\\\",\\n         order_total: 0,\\n         totals_signature: \\\"DUMMY_SIGNATURE\\\",\\n         items: {\\n           create: [\\n             {\\n               product_id: 101,\\n               sku: \\\"P001\\\",\\n               quantity: 2,\\n               unit_price: 10,\\n               line_status: \\\"PENDING\\\",\\n               tax_rate: 0.05\\n             },\\n             {\\n               product_id: 102,\\n               sku: \\\"P002\\\",\\n               quantity: 1,\\n               unit_price: 10,\\n               line_status: \\\"PENDING\\\",\\n               tax_rate: 0.05\\n             }\\n           ]\\n         },\\n     +   order_id: Int\\n       },\\n       include: {\\n         items: true\\n       }\\n     })\\n\\nArgument `order_id` is missing.\"}','2025-10-26 04:52:12'),('SUCCESS-TEST-19','/v1/orders/','4036260b244ae9bcd8f09319475f95138e54fc24ec585c3dd3e2830d000481c3',201,'{\"items\": [{\"sku\": \"P001\", \"order_id\": 401, \"quantity\": 2, \"tax_rate\": 0.05, \"product_id\": 101, \"unit_price\": 10, \"line_status\": \"PENDING\", \"product_name\": null, \"order_item_id\": 801}, {\"sku\": \"P002\", \"order_id\": 401, \"quantity\": 1, \"tax_rate\": 0.05, \"product_id\": 102, \"unit_price\": 10, \"line_status\": \"PENDING\", \"product_name\": null, \"order_item_id\": 802}], \"order_id\": 401, \"created_at\": \"2025-10-26T12:26:01.000Z\", \"payment_id\": null, \"customer_id\": 109, \"order_total\": 0, \"order_status\": \"PENDING\", \"payment_status\": \"PENDING\", \"totals_signature\": \"DUMMY_SIGNATURE\"}','2025-10-26 06:56:01');
/*!40000 ALTER TABLE `idempotency_keys` ENABLE KEYS */;
UNLOCK TABLES;
/*!40103 SET TIME_ZONE=@OLD_TIME_ZONE */;

/*!40101 SET SQL_MODE=@OLD_SQL_MODE */;
/*!40014 SET FOREIGN_KEY_CHECKS=@OLD_FOREIGN_KEY_CHECKS */;
/*!40014 SET UNIQUE_CHECKS=@OLD_UNIQUE_CHECKS */;
/*!40101 SET CHARACTER_SET_CLIENT=@OLD_CHARACTER_SET_CLIENT */;
/*!40101 SET CHARACTER_SET_RESULTS=@OLD_CHARACTER_SET_RESULTS */;
/*!40101 SET COLLATION_CONNECTION=@OLD_COLLATION_CONNECTION */;
/*!40111 SET SQL_NOTES=@OLD_SQL_NOTES */;

-- Dump completed on 2025-11-02 22:08:01
