order_item_id,order_id,product_id,sku,quantity,unit_price
1,266,105,SKU0095,3,385.72
2,88,74,SKU0056,1,600.17
3,201,25,SKU0079,3,453.99
4,27,103,SKU0120,3,486.19
5,326,50,SKU0094,1,462.81
6,163,67,SKU0021,2,307.87
7,364,103,SKU0017,3,206.54
8,296,101,SKU0051,3,925.0
9,284,21,SKU0042,1,183.93
10,14,56,SKU0002,3,793.03
11,79,4,SKU0080,3,589.31
12,41,74,SKU0049,1,768.11
13,67,59,SKU0082,3,799.83
14,96,31,SKU0084,1,367.23
15,275,108,SKU0032,3,802.03
16,194,99,SKU0034,3,146.57
17,43,120,SKU0019,3,120.83
18,297,111,SKU0014,1,513.21
19,306,16,SKU0014,1,354.22
20,93,12,SKU0010,2,860.16
21,107,51,SKU0013,2,815.9
22,212,10,SKU0063,3,168.68
23,352,54,SKU0049,2,670.2
24,231,104,SKU0021,1,368.88
25,92,85,SKU0073,3,645.99
26,17,16,SKU0044,2,535.52
27,315,77,SKU0070,1,242.55
28,380,33,SKU0119,1,273.56
29,16,69,SKU0003,3,560.57
30,79,28,SKU0111,2,203.31
31,112,4,SKU0042,1,297.79
32,373,89,SKU0017,2,346.3
33,103,12,SKU0045,3,596.35
34,151,60,SKU0096,2,492.46
35,205,119,SKU0025,2,255.66
36,352,109,SKU0114,3,352.97
37,202,14,SKU0075,3,380.43
38,106,93,SKU0063,2,894.57
39,217,77,SKU0096,2,834.3
40,319,14,SKU0078,2,486.38
41,291,46,SKU0048,3,837.41
42,231,22,SKU0114,1,962.29
43,130,76,SKU0053,2,643.49
44,331,68,SKU0046,2,126.95
45,93,104,SKU0042,2,811.81
46,184,32,SKU0010,1,691.26
47,191,19,SKU0100,2,210.07
48,164,89,SKU0002,3,395.98
49,239,73,SKU0102,2,908.87
50,288,9,SKU0050,2,641.62
51,270,28,SKU0014,3,350.24
52,312,114,SKU0104,3,167.34
53,331,54,SKU0088,2,386.0
54,164,26,SKU0026,1,822.45
55,256,6,SKU0036,2,207.33
56,232,22,SKU0077,2,632.05
57,122,74,SKU0003,2,116.05
58,295,1,SKU0117,2,355.93
59,207,5,SKU0115,3,926.23
60,21,44,SKU0083,1,162.51
61,49,107,SKU0103,2,750.93
62,141,41,SKU0097,2,460.31
63,285,100,SKU0041,2,651.09
64,202,39,SKU0090,2,544.0
65,329,117,SKU0016,2,943.93
66,53,4,SKU0029,1,842.91
67,72,14,SKU0042,3,751.83
68,116,22,SKU0012,1,751.7
69,189,105,SKU0116,3,990.61
70,353,112,SKU0007,2,894.99
71,23,15,SKU0007,2,167.54
72,169,89,SKU0079,2,342.92
73,88,119,SKU0018,3,514.62
74,65,41,SKU0111,1,777.73
75,212,82,SKU0058,3,210.14
76,271,31,SKU0074,2,695.14
77,144,42,SKU0099,3,534.44
78,48,34,SKU0099,2,740.24
79,181,72,SKU0107,1,693.53
80,377,110,SKU0027,3,170.22
81,254,8,SKU0028,1,703.45
82,240,105,SKU0050,1,538.88
83,175,27,SKU0105,3,785.44
84,264,110,SKU0041,2,737.66
85,336,20,SKU0109,3,195.09
86,67,29,SKU0118,2,447.02
87,232,112,SKU0080,3,282.72
88,205,25,SKU0009,2,480.78
89,352,40,SKU0112,3,683.54
90,76,60,SKU0113,1,770.52
91,124,3,SKU0115,2,268.33
92,15,61,SKU0085,3,507.38
93,136,16,SKU0119,3,175.66
94,221,28,SKU0020,2,551.97
95,261,43,SKU0007,2,345.33
96,51,7,SKU0084,2,758.8
97,217,25,SKU0038,1,462.42
98,305,36,SKU0068,3,544.25
99,222,14,SKU0088,1,681.71
100,57,29,SKU0015,1,905.55
101,295,35,SKU0031,1,578.92
102,142,29,SKU0113,3,729.56
103,208,51,SKU0051,1,297.9
104,355,35,SKU0064,1,253.93
105,105,45,SKU0082,2,735.27
106,148,94,SKU0001,1,266.57
107,359,80,SKU0062,3,374.79
108,353,31,SKU0022,2,713.3
109,86,24,SKU0043,2,227.65
110,7,86,SKU0061,2,400.65
111,91,34,SKU0113,1,253.65
112,390,110,SKU0002,3,416.93
113,243,75,SKU0001,2,885.9
114,242,15,SKU0006,1,610.54
115,149,107,SKU0030,3,552.83
116,387,19,SKU0100,1,189.99
117,377,43,SKU0058,2,761.33
118,280,33,SKU0085,2,328.18
119,235,2,SKU0106,2,371.02
120,171,115,SKU0067,3,871.26
121,306,62,SKU0015,2,717.21
122,373,82,SKU0003,1,980.77
123,113,85,SKU0019,2,548.05
124,126,74,SKU0095,3,975.96
125,185,27,SKU0096,1,274.46
126,194,82,SKU0014,2,889.43
127,348,70,SKU0116,2,988.6
128,270,23,SKU0034,3,413.96
129,170,51,SKU0076,2,950.74
130,142,40,SKU0025,1,621.57
131,360,44,SKU0107,3,210.67
132,233,73,SKU0102,2,359.57
133,5,64,SKU0119,3,232.42
134,349,20,SKU0067,2,661.42
135,341,21,SKU0039,2,359.43
136,151,2,SKU0059,1,295.59
137,304,16,SKU0007,2,375.24
138,221,46,SKU0085,1,144.91
139,71,45,SKU0113,2,806.74
140,258,86,SKU0099,3,239.53
141,45,92,SKU0035,1,996.32
142,101,56,SKU0075,1,361.72
143,17,61,SKU0120,2,323.86
144,348,82,SKU0050,2,459.2
145,51,115,SKU0034,2,637.33
146,89,73,SKU0056,3,888.34
147,297,18,SKU0088,1,325.02
148,214,71,SKU0026,2,374.5
149,153,73,SKU0119,3,515.04
150,94,49,SKU0101,2,186.44
151,270,57,SKU0089,2,553.43
152,351,92,SKU0046,2,418.77
153,239,54,SKU0053,2,124.91
154,287,4,SKU0099,2,179.59
155,72,79,SKU0117,2,807.97
156,298,66,SKU0048,1,658.8
157,290,113,SKU0038,1,779.8
158,202,17,SKU0052,3,105.36
159,391,112,SKU0067,2,855.28
160,44,8,SKU0035,3,196.34
161,305,13,SKU0106,2,608.9
162,354,43,SKU0111,1,209.3
163,300,87,SKU0066,3,745.26
164,360,27,SKU0067,1,605.84
165,254,18,SKU0029,3,675.7
166,80,39,SKU0081,2,747.23
167,4,104,SKU0063,3,719.0
168,59,9,SKU0001,1,643.41
169,62,67,SKU0013,1,283.86
170,243,4,SKU0107,3,499.43
171,29,119,SKU0016,2,464.1
172,95,105,SKU0031,3,334.24
173,314,88,SKU0057,3,655.44
174,222,19,SKU0082,1,266.33
175,382,85,SKU0031,1,560.36
176,359,70,SKU0026,2,532.42
177,149,86,SKU0013,3,543.67
178,342,36,SKU0051,2,727.89
179,55,60,SKU0054,2,233.35
180,146,59,SKU0016,3,450.49
181,298,39,SKU0005,3,685.38
182,337,80,SKU0057,1,917.3
183,182,18,SKU0060,3,512.52
184,5,21,SKU0046,3,870.26
185,258,27,SKU0045,3,572.55
186,263,9,SKU0023,3,236.26
187,336,93,SKU0073,2,513.53
188,72,36,SKU0101,3,372.64
189,202,9,SKU0118,3,535.37
190,242,78,SKU0085,1,618.44
191,260,100,SKU0085,3,333.3
192,358,42,SKU0076,3,413.29
193,317,107,SKU0052,1,140.44
194,376,21,SKU0030,1,698.73
195,256,120,SKU0087,2,391.29
196,119,99,SKU0104,3,816.04
197,54,116,SKU0113,1,755.35
198,197,97,SKU0054,1,155.73
199,129,15,SKU0005,3,165.59
200,391,48,SKU0078,3,856.61
201,90,42,SKU0014,3,504.56
202,69,82,SKU0074,3,279.76
203,130,63,SKU0057,3,357.48
204,104,95,SKU0021,2,832.45
205,99,12,SKU0075,1,666.2
206,343,13,SKU0027,1,829.01
207,3,47,SKU0100,2,611.47
208,37,44,SKU0024,3,756.98
209,373,83,SKU0068,2,271.12
210,107,74,SKU0106,2,550.77
211,183,80,SKU0116,3,868.08
212,35,57,SKU0055,3,438.51
213,37,73,SKU0011,1,804.15
214,153,13,SKU0016,2,307.52
215,308,70,SKU0043,1,301.62
216,149,119,SKU0107,2,451.38
217,184,9,SKU0112,1,971.3
218,39,69,SKU0074,1,867.88
219,313,65,SKU0040,2,656.78
220,280,90,SKU0115,1,624.5
221,135,84,SKU0004,1,404.24
222,134,26,SKU0043,1,225.36
223,281,105,SKU0094,2,931.76
224,340,117,SKU0113,1,312.06
225,38,104,SKU0073,3,732.78
226,392,104,SKU0005,2,982.95
227,214,77,SKU0095,3,936.43
228,283,62,SKU0017,2,751.0
229,54,5,SKU0064,3,302.72
230,180,56,SKU0062,2,803.39
231,117,3,SKU0120,1,123.72
232,101,69,SKU0078,2,713.75
233,378,3,SKU0071,2,146.93
234,393,49,SKU0090,1,486.75
235,219,71,SKU0018,1,494.16
236,316,116,SKU0048,2,274.28
237,224,118,SKU0008,1,308.83
238,302,2,SKU0030,2,772.73
239,275,73,SKU0006,1,885.93
240,128,105,SKU0008,1,150.99
241,225,24,SKU0037,1,382.71
242,309,84,SKU0114,1,998.28
243,67,78,SKU0051,2,691.82
244,337,10,SKU0010,2,944.53
245,106,64,SKU0091,3,832.08
246,113,57,SKU0092,2,947.28
247,400,71,SKU0038,3,319.79
248,137,41,SKU0090,3,553.1
249,28,45,SKU0116,2,734.95
250,319,63,SKU0036,1,283.2
251,71,108,SKU0067,1,374.45
252,284,27,SKU0016,2,752.42
253,73,5,SKU0031,3,496.25
254,392,59,SKU0015,1,549.02
255,18,35,SKU0036,3,445.76
256,44,8,SKU0036,3,445.54
257,10,111,SKU0049,2,499.62
258,115,27,SKU0049,1,693.93
259,273,7,SKU0085,2,128.18
260,391,45,SKU0120,1,919.05
261,387,115,SKU0044,2,829.22
262,303,28,SKU0097,1,406.85
263,319,56,SKU0111,2,804.35
264,377,97,SKU0008,1,597.96
265,370,120,SKU0087,2,872.66
266,274,60,SKU0055,3,747.3
267,394,67,SKU0034,1,964.27
268,240,96,SKU0119,1,218.69
269,8,36,SKU0103,3,955.87
270,44,32,SKU0099,3,366.24
271,293,51,SKU0005,3,346.84
272,138,85,SKU0033,3,829.23
273,312,2,SKU0016,2,611.6
274,165,108,SKU0034,1,499.43
275,9,57,SKU0002,2,133.3
276,184,62,SKU0082,3,296.06
277,30,75,SKU0011,2,907.34
278,283,41,SKU0009,2,261.82
279,393,101,SKU0036,2,882.15
280,66,30,SKU0081,1,232.21
281,317,84,SKU0007,1,203.0
282,20,24,SKU0088,3,874.51
283,297,41,SKU0006,3,745.62
284,32,92,SKU0034,2,114.51
285,181,70,SKU0092,1,640.52
286,180,14,SKU0010,3,499.43
287,262,10,SKU0031,1,393.21
288,191,107,SKU0106,3,474.37
289,329,55,SKU0113,2,228.77
290,168,78,SKU0101,2,401.49
291,209,115,SKU0084,2,523.62
292,151,80,SKU0004,1,431.47
293,149,120,SKU0020,3,122.98
294,312,28,SKU0104,2,559.72
295,400,95,SKU0066,3,741.56
296,111,49,SKU0107,3,129.34
297,372,20,SKU0049,3,170.6
298,40,120,SKU0029,3,553.15
299,295,81,SKU0071,3,476.27
300,376,16,SKU0109,3,818.38
301,311,61,SKU0085,3,568.3
302,163,35,SKU0025,3,363.76
303,125,43,SKU0032,2,307.8
304,162,96,SKU0015,3,316.94
305,376,113,SKU0053,2,171.72
306,287,65,SKU0010,2,688.0
307,310,30,SKU0058,2,306.79
308,65,119,SKU0069,1,798.8
309,209,87,SKU0075,3,224.33
310,134,102,SKU0037,2,382.46
311,42,53,SKU0054,3,984.92
312,295,64,SKU0081,1,909.89
313,233,2,SKU0022,1,476.76
314,392,71,SKU0092,2,768.57
315,65,112,SKU0005,2,121.54
316,86,10,SKU0017,3,880.19
317,199,116,SKU0055,2,214.71
318,357,72,SKU0031,3,364.05
319,173,115,SKU0106,2,632.33
320,316,14,SKU0093,1,166.38
321,182,58,SKU0117,2,667.75
322,380,107,SKU0056,2,781.89
323,359,18,SKU0094,1,751.34
324,302,118,SKU0105,3,175.41
325,4,76,SKU0076,2,706.52
326,233,49,SKU0042,2,259.05
327,370,76,SKU0036,1,309.04
328,253,44,SKU0007,3,565.91
329,269,75,SKU0066,2,356.73
330,197,41,SKU0097,1,958.16
331,22,105,SKU0095,3,289.61
332,266,36,SKU0074,3,382.93
333,178,37,SKU0022,1,359.06
334,250,57,SKU0029,1,359.63
335,133,78,SKU0097,1,932.06
336,342,36,SKU0019,1,286.16
337,261,97,SKU0022,1,638.55
338,21,115,SKU0070,3,819.09
339,4,63,SKU0107,1,432.59
340,145,74,SKU0055,3,500.34
341,65,107,SKU0059,2,926.2
342,367,91,SKU0118,1,499.96
343,222,64,SKU0034,1,878.05
344,143,94,SKU0086,1,971.6
345,41,96,SKU0102,1,754.63
346,168,21,SKU0065,2,348.5
347,323,95,SKU0066,3,799.34
348,362,89,SKU0041,1,490.04
349,362,102,SKU0067,2,271.36
350,286,85,SKU0108,3,132.07
351,325,81,SKU0002,1,223.19
352,193,112,SKU0029,3,276.11
353,241,20,SKU0063,1,760.2
354,145,17,SKU0026,3,888.28
355,265,110,SKU0093,3,292.77
356,223,9,SKU0063,3,650.1
357,364,23,SKU0005,2,719.18
358,315,49,SKU0081,3,311.24
359,179,62,SKU0068,3,958.9
360,154,108,SKU0030,2,701.18
361,251,102,SKU0081,2,638.06
362,279,62,SKU0038,1,297.04
363,387,98,SKU0037,2,972.43
364,167,32,SKU0085,2,204.24
365,238,41,SKU0085,1,412.82
366,204,91,SKU0017,2,856.11
367,251,77,SKU0053,3,311.37
368,149,35,SKU0065,1,900.83
369,210,8,SKU0072,2,335.44
370,163,53,SKU0051,2,482.68
371,134,117,SKU0007,2,536.95
372,113,44,SKU0082,1,377.66
373,210,29,SKU0074,1,582.41
374,400,81,SKU0015,3,649.68
375,67,78,SKU0070,1,955.25
376,11,103,SKU0049,1,802.39
377,171,117,SKU0046,3,157.12
378,26,67,SKU0027,2,581.93
379,81,108,SKU0069,2,873.75
380,118,38,SKU0103,1,919.59
381,170,53,SKU0028,3,760.0
382,7,5,SKU0109,1,779.61
383,270,14,SKU0065,2,812.21
384,22,21,SKU0037,2,121.82
385,324,99,SKU0089,1,130.4
386,384,16,SKU0105,2,689.75
387,68,105,SKU0095,2,875.79
388,40,10,SKU0065,3,733.14
389,376,54,SKU0003,1,768.39
390,278,78,SKU0118,1,186.0
391,302,102,SKU0051,1,848.32
392,160,101,SKU0042,2,561.12
393,12,39,SKU0036,2,282.4
394,136,84,SKU0074,2,438.92
395,220,12,SKU0029,2,604.9
396,248,37,SKU0117,3,579.88
397,126,49,SKU0003,2,754.8
398,191,98,SKU0070,3,197.47
399,115,74,SKU0004,2,794.09
400,229,48,SKU0062,3,198.05
401,160,43,SKU0019,3,978.24
402,49,72,SKU0022,1,878.34
403,251,76,SKU0032,1,227.2
404,316,108,SKU0061,3,750.73
405,291,98,SKU0030,1,790.67
406,130,53,SKU0040,3,404.08
407,78,5,SKU0042,3,608.78
408,209,112,SKU0001,2,721.36
409,387,72,SKU0102,2,591.03
410,161,84,SKU0031,2,515.23
411,248,66,SKU0072,3,993.48
412,42,118,SKU0014,2,729.33
413,193,17,SKU0097,1,245.88
414,384,16,SKU0022,1,493.84
415,59,5,SKU0114,2,545.67
416,321,103,SKU0068,2,225.88
417,281,54,SKU0052,1,367.08
418,223,38,SKU0093,3,344.0
419,166,79,SKU0114,2,607.43
420,85,19,SKU0038,3,716.52
421,315,92,SKU0048,3,644.07
422,242,60,SKU0027,2,934.37
423,369,110,SKU0119,1,247.81
424,367,107,SKU0061,1,385.92
425,92,20,SKU0061,1,993.98
426,3,40,SKU0090,1,279.34
427,49,69,SKU0059,2,185.24
428,320,60,SKU0077,1,160.09
429,326,72,SKU0114,1,410.46
430,8,119,SKU0025,2,355.77
431,219,75,SKU0094,2,430.55
432,393,52,SKU0120,2,605.0
433,329,85,SKU0026,1,633.38
434,53,94,SKU0028,2,260.49
435,289,14,SKU0017,3,628.59
436,393,50,SKU0043,3,794.78
437,304,78,SKU0036,3,884.2
438,343,117,SKU0061,1,251.29
439,119,28,SKU0012,3,231.84
440,85,61,SKU0112,1,391.0
441,27,18,SKU0066,2,482.87
442,242,42,SKU0039,3,784.01
443,124,72,SKU0051,2,796.53
444,362,61,SKU0046,2,854.78
445,163,68,SKU0011,3,857.97
446,86,82,SKU0107,2,740.21
447,224,72,SKU0057,2,725.59
448,129,88,SKU0016,3,909.79
449,334,45,SKU0023,1,879.52
450,239,99,SKU0086,2,755.64
451,110,79,SKU0072,1,444.21
452,92,120,SKU0096,1,276.25
453,185,68,SKU0025,1,627.57
454,169,13,SKU0117,2,924.23
455,258,118,SKU0002,3,345.73
456,332,36,SKU0083,2,458.46
457,357,91,SKU0033,2,662.74
458,293,106,SKU0004,3,934.82
459,312,81,SKU0059,2,256.39
460,384,112,SKU0083,3,826.69
461,20,48,SKU0004,3,904.84
462,79,91,SKU0095,1,883.82
463,68,11,SKU0054,1,150.44
464,327,91,SKU0008,2,187.73
465,279,36,SKU0110,1,689.59
466,378,3,SKU0043,3,863.41
467,163,115,SKU0091,1,915.15
468,301,93,SKU0047,3,112.75
469,341,52,SKU0054,3,702.68
470,34,25,SKU0106,3,232.76
471,137,11,SKU0023,2,140.06
472,312,26,SKU0089,3,468.33
473,326,96,SKU0108,1,380.05
474,288,45,SKU0016,2,519.63
475,357,12,SKU0073,2,179.35
476,47,24,SKU0094,1,267.09
477,303,81,SKU0003,1,809.86
478,112,82,SKU0048,2,173.15
479,371,32,SKU0040,3,678.09
480,98,96,SKU0097,3,219.46
481,28,49,SKU0091,2,260.2
482,72,73,SKU0041,2,303.36
483,97,35,SKU0114,1,259.4
484,152,34,SKU0090,2,338.09
485,251,46,SKU0075,2,413.97
486,329,67,SKU0058,3,718.34
487,88,5,SKU0107,3,447.11
488,276,73,SKU0027,3,490.47
489,331,104,SKU0088,2,286.7
490,359,65,SKU0071,3,814.87
491,47,66,SKU0099,1,332.39
492,240,34,SKU0005,1,565.33
493,324,24,SKU0061,1,520.52
494,166,48,SKU0073,2,692.47
495,18,42,SKU0090,1,666.52
496,5,21,SKU0054,2,401.24
497,332,116,SKU0013,1,921.83
498,157,21,SKU0060,3,267.54
499,12,57,SKU0104,3,510.8
500,295,89,SKU0056,3,459.4
501,125,33,SKU0093,2,640.85
502,248,87,SKU0052,2,136.12
503,120,98,SKU0120,3,197.07
504,219,100,SKU0035,3,460.68
505,15,21,SKU0066,1,930.12
506,306,90,SKU0068,1,956.34
507,291,97,SKU0018,1,697.07
508,28,12,SKU0040,1,821.34
509,235,51,SKU0022,2,100.76
510,76,26,SKU0114,1,371.15
511,42,24,SKU0031,1,492.89
512,371,32,SKU0020,3,599.81
513,398,48,SKU0001,2,243.4
514,52,61,SKU0071,3,454.64
515,109,117,SKU0061,3,438.66
516,238,91,SKU0032,1,448.82
517,163,98,SKU0120,1,459.9
518,168,115,SKU0037,3,757.33
519,218,77,SKU0051,3,164.49
520,251,86,SKU0095,3,124.21
521,312,23,SKU0099,1,432.22
522,175,65,SKU0106,1,649.51
523,385,51,SKU0118,1,681.02
524,71,64,SKU0025,1,290.11
525,223,12,SKU0044,2,688.64
526,218,20,SKU0037,2,448.13
527,247,5,SKU0034,2,261.57
528,204,88,SKU0067,1,518.43
529,43,45,SKU0088,3,191.26
530,208,103,SKU0104,1,244.8
531,66,74,SKU0065,2,717.67
532,6,63,SKU0084,3,461.53
533,395,7,SKU0039,2,332.78
534,325,15,SKU0078,2,551.86
535,400,61,SKU0092,2,859.75
536,187,15,SKU0101,1,982.66
537,273,98,SKU0050,3,172.01
538,4,44,SKU0120,3,631.14
539,102,66,SKU0105,3,754.87
540,233,56,SKU0007,2,353.54
541,63,112,SKU0063,2,430.39
542,307,88,SKU0048,2,483.13
543,346,38,SKU0099,1,588.47
544,92,38,SKU0046,2,115.77
545,167,39,SKU0082,1,636.2
546,183,94,SKU0005,3,764.81
547,128,23,SKU0011,3,185.12
548,373,19,SKU0082,2,487.99
549,141,45,SKU0059,3,655.52
550,376,106,SKU0068,3,512.58
551,40,42,SKU0048,1,232.08
552,371,82,SKU0104,1,443.72
553,372,11,SKU0044,3,774.34
554,217,52,SKU0003,1,955.32
555,132,93,SKU0084,3,894.63
556,222,15,SKU0102,1,613.81
557,156,79,SKU0066,3,868.82
558,125,89,SKU0103,1,436.81
559,243,28,SKU0098,2,347.31
560,353,100,SKU0024,2,551.41
561,24,78,SKU0052,1,710.39
562,140,1,SKU0053,1,116.85
563,213,85,SKU0017,2,340.35
564,307,102,SKU0082,2,187.43
565,116,3,SKU0091,2,298.95
566,314,37,SKU0094,3,648.38
567,236,76,SKU0054,3,635.71
568,278,50,SKU0061,3,111.31
569,175,41,SKU0045,2,236.6
570,381,64,SKU0027,3,727.95
571,345,50,SKU0033,2,129.04
572,293,11,SKU0081,2,605.19
573,177,11,SKU0027,3,986.38
574,190,39,SKU0038,2,506.35
575,240,4,SKU0020,3,626.44
576,320,46,SKU0073,2,473.85
577,392,3,SKU0097,2,600.8
578,252,31,SKU0049,3,218.53
579,311,109,SKU0016,1,456.17
580,109,15,SKU0074,2,260.76
581,82,99,SKU0100,3,981.01
582,282,53,SKU0046,1,476.36
583,307,36,SKU0041,2,667.25
584,341,114,SKU0088,3,785.58
585,163,65,SKU0069,3,452.96
586,207,64,SKU0097,2,357.66
587,231,21,SKU0119,1,460.05
588,2,69,SKU0107,2,786.64
589,336,23,SKU0088,1,445.02
590,335,54,SKU0054,2,269.99
591,15,80,SKU0029,1,648.74
592,258,11,SKU0077,3,758.93
593,12,42,SKU0079,1,249.81
594,321,61,SKU0088,1,956.66
595,12,96,SKU0077,3,450.41
596,262,111,SKU0025,1,511.99
597,371,112,SKU0031,1,524.95
598,365,118,SKU0026,2,219.39
599,34,115,SKU0004,1,619.84
600,236,32,SKU0088,3,499.29
601,124,102,SKU0023,2,550.19
602,57,103,SKU0078,2,884.88
603,82,32,SKU0060,3,966.23
604,4,96,SKU0005,3,709.19
605,267,61,SKU0111,2,163.33
606,214,34,SKU0114,3,583.61
607,367,100,SKU0078,3,990.29
608,366,4,SKU0057,2,844.98
609,31,38,SKU0104,2,845.48
610,372,99,SKU0006,2,459.49
611,262,81,SKU0084,2,485.73
612,64,14,SKU0019,2,782.15
613,297,97,SKU0102,1,749.79
614,188,53,SKU0085,2,227.76
615,125,102,SKU0062,1,338.06
616,169,83,SKU0089,1,512.42
617,364,63,SKU0097,1,781.28
618,176,38,SKU0089,2,397.6
619,231,90,SKU0034,3,347.77
620,19,98,SKU0018,1,569.6
621,14,29,SKU0113,2,607.19
622,366,38,SKU0040,3,242.47
623,325,40,SKU0061,3,495.88
624,151,20,SKU0096,3,215.7
625,312,38,SKU0110,2,331.58
626,117,4,SKU0109,1,624.91
627,76,75,SKU0002,2,427.75
628,261,96,SKU0112,3,465.26
629,317,116,SKU0022,2,679.47
630,301,110,SKU0065,2,571.0
631,194,111,SKU0119,2,683.54
632,269,62,SKU0023,2,907.42
633,8,86,SKU0009,2,302.34
634,106,29,SKU0020,2,647.78
635,374,102,SKU0016,3,277.25
636,256,59,SKU0073,3,915.67
637,383,109,SKU0105,3,908.32
638,380,26,SKU0047,3,129.56
639,321,13,SKU0043,3,160.48
640,284,69,SKU0109,3,583.96
641,41,103,SKU0008,2,610.03
642,127,32,SKU0033,3,264.42
643,334,110,SKU0032,1,720.67
644,234,23,SKU0006,3,339.19
645,143,12,SKU0096,1,760.0
646,33,116,SKU0116,1,570.3
647,32,27,SKU0030,1,627.11
648,298,62,SKU0060,1,583.24
649,27,41,SKU0102,3,165.75
650,245,15,SKU0057,1,528.43
651,52,70,SKU0076,1,638.46
652,154,73,SKU0002,3,486.78
653,58,93,SKU0114,2,799.66
654,100,76,SKU0104,3,652.97
655,234,1,SKU0033,2,641.22
656,253,81,SKU0023,2,556.56
657,264,37,SKU0083,2,337.78
658,273,32,SKU0044,2,710.06
659,258,40,SKU0081,2,200.32
660,388,24,SKU0063,1,387.29
661,261,61,SKU0064,1,260.92
662,390,56,SKU0087,2,185.11
663,227,44,SKU0082,3,584.73
664,94,25,SKU0100,1,786.57
665,110,40,SKU0065,2,388.01
666,272,61,SKU0014,3,370.06
667,313,27,SKU0074,3,239.14
668,81,25,SKU0099,2,807.23
669,81,79,SKU0085,1,393.11
670,265,61,SKU0084,3,809.87
671,400,93,SKU0035,1,939.56
672,242,120,SKU0110,2,433.71
673,157,43,SKU0094,2,846.31
674,162,58,SKU0040,2,606.96
675,391,54,SKU0001,2,149.78
676,210,46,SKU0083,1,977.49
677,393,36,SKU0003,3,281.99
678,339,92,SKU0033,2,849.3
679,13,42,SKU0055,2,393.12
680,287,95,SKU0026,1,655.8
681,226,110,SKU0036,1,166.98
682,83,42,SKU0093,2,947.34
683,304,61,SKU0006,3,451.06
684,362,63,SKU0032,2,988.24
685,301,49,SKU0008,1,150.5
686,176,36,SKU0069,2,494.31
687,146,15,SKU0061,1,892.76
688,38,42,SKU0100,3,472.4
689,78,112,SKU0020,3,368.97
690,103,72,SKU0012,2,320.7
691,294,70,SKU0098,3,334.65
692,272,105,SKU0038,3,119.67
693,396,99,SKU0009,3,740.26
694,161,110,SKU0047,2,772.55
695,110,24,SKU0042,2,304.91
696,186,43,SKU0026,3,974.29
697,133,33,SKU0078,3,939.41
698,72,16,SKU0083,2,484.6
699,250,103,SKU0007,3,154.26
700,263,48,SKU0003,3,493.49
701,17,65,SKU0112,2,811.12
702,252,37,SKU0074,2,670.94
703,377,10,SKU0073,1,976.8
704,400,15,SKU0069,1,818.73
705,45,74,SKU0119,2,649.03
706,98,97,SKU0010,3,487.85
707,142,60,SKU0058,3,236.98
708,170,10,SKU0024,3,617.7
709,233,68,SKU0100,3,765.51
710,222,114,SKU0003,2,617.26
711,4,80,SKU0107,2,116.98
712,116,42,SKU0055,1,332.97
713,115,75,SKU0087,2,579.13
714,335,86,SKU0026,3,932.82
715,367,112,SKU0074,1,269.96
716,76,27,SKU0040,1,190.81
717,274,78,SKU0109,1,801.52
718,277,45,SKU0009,2,883.5
719,118,85,SKU0027,1,372.64
720,218,35,SKU0030,1,795.11
721,14,18,SKU0113,2,210.8
722,193,4,SKU0057,3,868.77
723,107,49,SKU0007,2,494.69
724,102,27,SKU0099,2,631.2
725,64,12,SKU0023,3,921.95
726,371,67,SKU0016,1,780.95
727,62,63,SKU0095,3,422.55
728,163,54,SKU0025,1,986.64
729,260,47,SKU0062,2,557.86
730,234,3,SKU0001,2,823.07
731,205,110,SKU0013,2,424.35
732,159,108,SKU0009,2,951.35
733,334,39,SKU0030,3,176.01
734,330,104,SKU0050,2,114.27
735,141,94,SKU0083,2,140.83
736,128,23,SKU0073,1,215.15
737,80,18,SKU0089,2,786.06
738,32,77,SKU0103,1,879.71
739,339,38,SKU0048,3,473.39
740,81,54,SKU0023,1,942.66
741,78,95,SKU0104,3,263.45
742,57,101,SKU0021,1,547.8
743,157,52,SKU0081,2,918.08
744,136,80,SKU0042,1,804.94
745,170,4,SKU0114,2,130.8
746,74,117,SKU0053,1,585.53
747,391,77,SKU0093,3,252.77
748,52,2,SKU0045,1,182.91
749,34,15,SKU0061,2,985.03
750,275,57,SKU0018,3,828.48
751,1,40,SKU0061,2,909.59
752,132,17,SKU0042,3,585.99
753,315,86,SKU0092,1,530.01
754,384,107,SKU0110,3,276.66
755,113,66,SKU0017,1,303.0
756,43,96,SKU0013,3,463.45
757,315,14,SKU0032,1,325.6
758,374,85,SKU0039,2,739.41
759,237,86,SKU0076,3,565.21
760,137,98,SKU0116,1,395.15
761,192,85,SKU0019,3,762.77
762,18,96,SKU0116,2,668.69
763,102,24,SKU0002,1,671.17
764,122,21,SKU0051,2,110.54
765,247,62,SKU0110,2,268.97
766,296,52,SKU0058,1,507.87
767,135,70,SKU0057,1,770.46
768,336,99,SKU0066,2,403.53
769,96,33,SKU0044,2,794.81
770,234,85,SKU0013,3,870.59
771,391,67,SKU0034,1,803.76
772,219,83,SKU0004,3,213.61
773,117,59,SKU0107,1,208.25
774,365,38,SKU0017,2,376.33
775,224,71,SKU0011,3,264.35
776,262,25,SKU0019,3,299.67
777,9,26,SKU0094,3,418.54
778,308,100,SKU0020,3,873.93
779,269,7,SKU0103,3,426.39
780,118,89,SKU0068,1,437.02
781,52,88,SKU0022,3,670.88
782,317,29,SKU0108,3,236.85
783,313,55,SKU0110,1,350.58
784,206,38,SKU0050,3,974.81
785,244,60,SKU0042,1,749.39
786,154,1,SKU0010,2,737.51
787,343,40,SKU0027,3,651.81
788,35,8,SKU0097,2,226.27
789,247,106,SKU0021,1,452.11
790,82,83,SKU0054,2,632.27
791,128,107,SKU0045,1,303.67
792,142,18,SKU0115,2,211.12
793,379,75,SKU0087,1,285.25
794,73,87,SKU0036,2,109.69
795,61,67,SKU0040,3,192.35
796,322,77,SKU0061,1,694.38
797,153,106,SKU0016,3,768.62
798,233,20,SKU0010,3,407.24
799,140,6,SKU0049,2,201.55
800,239,55,SKU0075,1,888.62
